station_id,pop_mean,pop_max,pop_gt_1,pop_gt_10,erosivity,anngro_mega,anngro_meso,anngro_micro,gromega_seas,gromeso_seas,gromicro_seas,npp_ann,npp_1,npp_2,npp_3,npp_4,npp_5,npp_6,npp_7,npp_8,npp_9,npp_10,npp_11,npp_12
912101A,0.0085575,8.2571363,9.74e-05,0,2468.867676,0.1537161,0.046646,0.0002959,111.4834976,77.9302368,256.5705872,0.4173642,0.0610432,0.0669529,0.0792206,0.0284709,0.0335198,0.0224592,0.0167781,0.0024052,0.0048442,0.0169386,0.0356415,0.0468751
912105A,0.0073638,0.0169151,0,0,2413.231445,0.15267,0.0467071,0.0003193,110.7756958,76.674614,255.3917694,0.3994477,0.0578269,0.0638419,0.0760319,0.0273157,0.032327,0.0218441,0.0172433,0.0024051,0.0047555,0.016132,0.0334098,0.0442256
915011A,0.0062714,0.0100792,0,0,3736.781006,0.2154093,0.2257169,0.0166649,110.185585,82.194603,191.9621582,1.8804377,0.2383243,0.2280477,0.2282447,0.1782295,0.1928253,0.1370597,0.123925,0.0845742,0.0372681,0.100204,0.1539555,0.1725255
917107A,0.022853,0.0232633,0,0,4907.553223,0.3284997,0.3147348,0.0030206,101.2598877,93.935585,219.2057037,1.6885376,0.2376214,0.2382899,0.2550976,0.1690871,0.1633915,0.0747363,0.0643032,0.034086,0.0148663,0.0740195,0.1546622,0.2014484
919003A,0.2126777,90.0679474,0.0224409,0.0002672,5939.917969,0.3572324,0.3626105,0.00645,93.9349899,84.4453354,249.2184296,2.0964947,0.2695913,0.2632924,0.3224163,0.2277652,0.1896659,0.1043632,0.0925048,0.0630879,0.0365254,0.0982787,0.1845308,0.2380281
919201A,0.0213393,0.0592329,0,0,8500.317383,0.3588731,0.5123002,0.0394574,80.9048462,60.3739777,184.3799896,2.7376273,0.2953403,0.2794382,0.3488637,0.314306,0.290487,0.1691772,0.154435,0.0995435,0.0706319,0.1562735,0.2549774,0.2997459
919309A,0.257625,153.6417999,0.0726726,0.0007756,5770.325195,0.3543075,0.3071399,0.0037788,98.0485153,92.5238113,208.1700897,1.6612238,0.2340619,0.2336056,0.2804751,0.1843629,0.1385116,0.0736593,0.0408419,0.0286743,0.0188455,0.0741155,0.1476654,0.199085
922101B,1.4582943,17.1331005,0.0847793,0.0847793,10727.37207,0.427746,0.3842142,2.68e-05,84.4290848,83.3783112,160.9443665,4.2886081,0.7248397,0.6488868,0.7162983,0.531903,0.2423261,0.0912018,0.0647663,0.0498077,0.0270959,0.1342572,0.3706206,0.6653011
925001A,0.0053563,0.0064146,0,0,11873.17871,0.4755144,0.3331639,0,79.3074875,81.3791885,1.1932696,2.8554606,0.3827091,0.3477453,0.4148695,0.3952433,0.2606961,0.1347774,0.0747356,0.0651293,0.0244256,0.1133227,0.2662348,0.365714
926002A,0.0043727,0.0043727,0,0,11434.7793,0.5084281,0.3392887,0,74.229126,77.0410461,0,2.8788164,0.3605319,0.3175783,0.3723902,0.3709474,0.2870047,0.1479106,0.1221942,0.091842,0.0464772,0.0948314,0.2751618,0.3851156
G9030124,0.0038675,0.0038676,0,0,5874.335938,0.2640383,0.0680573,9e-07,115.3206863,121.674408,458.3727112,0.9024776,0.1449047,0.1502705,0.2066325,0.0913355,0.014833,0.0062281,0.0150655,0.0027686,0.0133862,0.0445997,0.0848909,0.1222416
G9030250,0.0465538,443.7810974,0.0079492,0.0004707,6803.931641,0.3423097,0.1005848,0,108.8228378,125.7918854,122.7327957,1.0656707,0.1782295,0.1914814,0.2506044,0.1198061,0.0232438,0.0046396,0.0227364,0.0006084,0.012358,0.029585,0.0887183,0.1360615
G9070142,0.0075696,0.010476,0,0,4254.314453,0.2181836,0.0550939,3.6e-05,117.2458801,98.3889771,293.3527832,0.7288089,0.1237103,0.1297968,0.1675372,0.0369061,0.029888,0.0072285,0.02794,0.0004066,0.0108545,0.0294637,0.0626551,0.0985714
A0020101,0.0145354,332.3663025,2.87e-05,2.87e-05,1112.43689,0.0706194,0.0444253,0.0075924,90.5221176,59.2395668,206.2946472,0.1582721,0.0119965,0.0183799,0.021017,0.0177037,0.0203906,0.015216,0.0195033,0.0107263,0.0037697,0.0056729,0.0063407,0.0071869
A0030501,0.0428595,827.0010986,0.000152,0.000152,1284.557983,0.0934567,0.0804162,0.0186502,84.4664154,48.9437065,190.9268799,0.5916697,0.0531516,0.0530919,0.0534486,0.058612,0.0657327,0.0573974,0.0670486,0.0461328,0.0221576,0.0347744,0.0402613,0.0395725
G0010005,0.0038802,0.0038802,0,0,1717.818726,0.1009734,0.0344865,0.0005078,106.8481827,71.303833,253.2276917,0.1766087,0.023949,0.0295936,0.0510098,0.0080161,0.0143841,0.0058009,0.011543,0.0005641,0.0027848,0.0042021,0.0083409,0.0158055
G0050115,0.0813209,17.9248638,0.0012924,0.0012924,752.9932861,0.0953814,0.0926716,0.0285719,91.1063919,39.9122887,151.7902985,0.5594298,0.0498721,0.0413985,0.0543126,0.0429702,0.0643335,0.0630992,0.0586585,0.0276644,0.024155,0.0410053,0.0398155,0.0527698
G0060005,0.0038811,0.0038811,0,0,836.4069824,0.1159581,0.1168447,0.031207,96.4424896,47.3931198,147.7625885,0.5610531,0.0520936,0.0457498,0.0476864,0.0473726,0.06326,0.0648079,0.0623899,0.0292065,0.0197004,0.0422471,0.0377899,0.0489506
401009,0.118034,0.5865771,0,0,1554.076538,0.0472496,0.2712357,0.3877765,139.4282227,101.2204361,79.5337067,6.8509889,0.6478367,0.4172197,0.5610194,0.5378294,0.4105352,0.3157518,0.3691421,0.5300224,0.6867842,0.8340595,0.7768018,0.7734317
401012,0.0807398,0.3159184,0,0,2720.440674,0.0288524,0.2452596,0.4215159,165.202652,112.224556,76.6990738,7.1637559,0.7504072,0.5264936,0.6581853,0.5319423,0.383672,0.2960139,0.3457761,0.494981,0.6515688,0.8332679,0.8523019,0.8423816
401015,7.3354568,270.6014404,0.9883631,0.0605994,1071.572388,0.1036137,0.3173114,0.3488948,109.2210693,67.5036087,90.3449478,3.4835196,0.1342803,0.0978993,0.1401532,0.1846345,0.2203459,0.2174029,0.2773955,0.4281093,0.5790818,0.6464365,0.3673368,0.2018139
401203,0.3936256,134.4570618,0.0019913,0.0017474,2914.176025,0.0228526,0.2363729,0.4368918,166.5708771,112.4312057,72.8541183,6.6548371,0.708997,0.529622,0.6095692,0.4929753,0.3500852,0.2667955,0.3100772,0.4464874,0.5934421,0.7806017,0.7886219,0.7770594
401208,0.2848576,1.6541244,0.000967,0,2334.04126,0.0587123,0.2961029,0.3919109,130.9518585,92.2243805,78.3362122,7.5616932,0.6542807,0.4268862,0.6269979,0.6146691,0.4631975,0.3508839,0.4102523,0.599502,0.7951208,0.9607679,0.862462,0.8085157
401210,0.1427867,1.9766984,0.0007423,0,3280.123291,0.0498137,0.2981099,0.4116679,147.4654999,99.0497589,73.627121,7.6568871,0.7478454,0.4763421,0.6602733,0.5938668,0.4379093,0.3307923,0.3894997,0.5704876,0.7620656,0.9580384,0.8956274,0.8438736
401212,0.0988793,0.1872935,0,0,3598.184326,0.0310844,0.2586152,0.4195923,164.5600281,111.3919449,75.5782547,7.9022765,0.8221039,0.5639409,0.7127689,0.5918284,0.4223497,0.3233991,0.3793395,0.5470758,0.7252862,0.9349926,0.9475768,0.9364713
401216,0.1320176,0.1321798,0,0,4550.532715,0.0221781,0.2364543,0.4391946,180.9942932,119.9318466,76.1520767,7.6189947,0.8377746,0.6033319,0.7091128,0.5640529,0.3896828,0.2955161,0.3419052,0.4943532,0.6663838,0.8866174,0.9099743,0.9205618
401217,0.067614,0.1190423,0,0,2375.869141,0.0316899,0.2621565,0.4209256,161.3979797,109.3323669,73.8989868,7.0326695,0.7277344,0.5060154,0.6326793,0.5253736,0.3812276,0.2926058,0.3415139,0.4902356,0.6479415,0.8346049,0.8366941,0.8199326
402204,7.7061391,330.8723145,1,0.0069272,2181.86499,0.0688399,0.3018354,0.3931138,119.6906204,82.80439,78.6091537,5.1053896,0.462222,0.2729998,0.4359223,0.4175082,0.3136766,0.2402233,0.2742716,0.4030663,0.540591,0.6611814,0.5716812,0.5217124
402206,1.2203473,1.9349692,1,0,3135.965332,0.0673002,0.325817,0.4117287,128.4572449,85.0896606,73.7268066,7.8356042,0.717931,0.4552127,0.6662158,0.6433371,0.4608506,0.3435125,0.4011786,0.6005356,0.8096494,1.0100693,0.9029514,0.8356794
402213,5.4189854,6.7988839,1,0,2207.017578,0.0719543,0.3093285,0.3930588,118.4640656,81.9685669,78.3713455,5.0429449,0.4684866,0.2712266,0.4313138,0.4095767,0.3081707,0.2356251,0.2687275,0.3930723,0.5270849,0.6461775,0.5676764,0.5254683
402217,5.3673205,6.7988839,1,0,2053.071777,0.0682757,0.3073828,0.3997214,121.1772461,83.2640915,76.9814682,5.2183566,0.4937442,0.2890565,0.4492458,0.4222046,0.3137742,0.2392457,0.2730401,0.3993561,0.5364611,0.6630248,0.5932477,0.5553561
403209A,3.641984,1932.871582,0.4414577,0.0213087,2406.092529,0.0663957,0.3154039,0.3998084,128.5729218,86.1826401,75.8131638,6.1201706,0.5614539,0.3791458,0.5137161,0.4842506,0.3512586,0.2638023,0.309815,0.4698631,0.6359315,0.7964247,0.7130057,0.6483445
403213A,1.0379199,2.9122434,0.2466943,0,2223.061523,0.0668926,0.3112531,0.3910987,128.9669647,87.4250412,76.2415085,5.957303,0.5596339,0.3377216,0.5222151,0.4893961,0.3486243,0.2534336,0.2969668,0.4558582,0.6196592,0.772836,0.7037731,0.6063809
403214,1.9697298,2.9602046,1,0,2268.904541,0.0764306,0.3334692,0.4040005,121.2781754,80.2613449,75.0959625,7.48241,0.6694629,0.407328,0.6146404,0.6291431,0.4624814,0.3438834,0.4018326,0.6036043,0.807425,0.9695069,0.8307941,0.755128
403217,0.2206067,0.2206067,0,0,2728.343994,0.0613158,0.3221231,0.4139915,140.3973541,91.5697632,70.6218033,6.9686661,0.6454333,0.4375635,0.6104479,0.5685561,0.3950976,0.2857514,0.3356769,0.5145524,0.7001125,0.8903832,0.8333685,0.7589024
403221,16.1415253,655.5385742,1,0.0378095,1437.389038,0.0685267,0.2932731,0.3896969,115.0207214,81.6590195,79.552948,4.2811575,0.3715121,0.2352331,0.3610921,0.3439662,0.2693892,0.2114396,0.237955,0.344669,0.460234,0.5611495,0.4686485,0.4232948
403222,0.2406468,0.5379189,0,0,3068.621338,0.0525442,0.3135724,0.4255433,148.8929901,96.4099045,68.5057373,7.2899885,0.6849023,0.5014747,0.6381904,0.5809105,0.4026514,0.2931545,0.3447776,0.5249484,0.7131203,0.9189016,0.867844,0.8233665
403226,1.4819094,3.0549002,0.637241,0,2164.371826,0.0702899,0.3142177,0.3851113,120.3532562,83.7489853,77.6740723,4.9517188,0.4712568,0.2838636,0.4244946,0.3981676,0.2868282,0.2132701,0.2478211,0.3778515,0.5145234,0.6519921,0.5831565,0.5060763
403232,7.7644191,521.1326904,0.8250535,0.0430235,3274.897949,0.0592641,0.3232814,0.4182667,138.9797974,91.6070557,70.5287247,7.3297186,0.7181765,0.4955547,0.6455672,0.5788879,0.4036608,0.2991352,0.3502571,0.5224102,0.7089913,0.9141497,0.864714,0.8339633
404207,1.2783618,3.1404104,0.2613752,0,1730.920654,0.0712388,0.3133485,0.3851937,124.3243332,84.6244431,78.2688828,5.400496,0.4774106,0.2954288,0.4588346,0.4364546,0.320803,0.2394673,0.2800092,0.4302316,0.5863583,0.7275002,0.6402915,0.516212
405205,1.5944479,3.3453007,0.3265479,0,2870.026123,0.0505268,0.3472165,0.4755587,145.4436188,90.7284393,56.0728416,8.3752842,0.8246203,0.5786782,0.7726768,0.6552403,0.4229208,0.2816377,0.3482616,0.5731716,0.7851648,1.0439992,1.0474671,1.0477574
405209,2.0842066,147.035614,0.2330329,0.0093544,2869.32251,0.0553623,0.3446544,0.4573126,142.622467,88.8101349,61.557354,7.8370328,0.7609204,0.5082911,0.7048901,0.6289037,0.4109099,0.2726958,0.3394071,0.5581316,0.7642397,0.9984543,0.9643607,0.933984
405215,1.0545505,354.1530151,0.0260677,0.0200016,2701.527344,0.0404982,0.2868102,0.43672,158.9867096,103.5687485,68.5640411,7.0243721,0.6909366,0.5308619,0.6474516,0.5532154,0.3654926,0.2604854,0.3048587,0.4684848,0.64556,0.8652338,0.8613203,0.8309708
405217,6.0049262,253.600174,1,0.0137767,1731.90625,0.0655379,0.3636844,0.4450367,128.5204773,78.2613449,63.5615082,7.3000741,0.6868036,0.4721498,0.6390373,0.5913833,0.3949943,0.2702406,0.331018,0.5387753,0.7217289,0.9134223,0.8864312,0.8611715
405218,0.32142,0.8470361,0,0,2573.610107,0.0370243,0.283538,0.4474907,163.2390594,105.476059,66.9122543,7.2059164,0.732236,0.5442637,0.6630296,0.5635193,0.3702497,0.2608014,0.3085832,0.478898,0.6601626,0.8871143,0.8779439,0.8602566
405219,0.1259683,0.8470361,0,0,2353.770996,0.0392568,0.3006165,0.4634428,161.6635742,102.5221481,61.7511444,7.280201,0.740213,0.5308636,0.6608866,0.5696299,0.3749601,0.2569292,0.3117551,0.4938354,0.6800553,0.910907,0.8889571,0.8640791
405226,1.52429,183.6087036,0.7619166,0.0036317,857.8665771,0.0809707,0.3001747,0.3527204,107.8686676,62.4986115,87.8361588,2.9911692,0.1121366,0.0775701,0.1104808,0.1397564,0.1827224,0.1782297,0.2232979,0.3690179,0.5079486,0.5738062,0.3570317,0.1687949
405227,0.3017388,0.8470361,0,0,3806.48877,0.0407754,0.3093124,0.4662527,159.5603485,100.9987259,60.0895996,7.5580282,0.7794109,0.5092854,0.700422,0.5895259,0.3826875,0.2574074,0.3149024,0.5075559,0.6998065,0.9435589,0.94346,0.9373754
405238,2.8505366,105.3237381,1,0.0091027,1166.311157,0.0558352,0.2851657,0.4079521,128.8213196,72.7023773,73.6202087,3.3717697,0.2404026,0.1438164,0.176916,0.1762225,0.1575754,0.155935,0.1997623,0.3170278,0.4481587,0.5787654,0.4576432,0.3275354
405245,24.8424244,967.6885986,1,0.0619493,1417.929199,0.075815,0.3387048,0.4146297,121.0487061,72.6728668,73.5769882,3.4374688,0.2457546,0.1749934,0.216499,0.2112123,0.1700728,0.1353227,0.1680941,0.2753774,0.40824,0.5764211,0.5114805,0.348964
405248,2.2369962,7.7423034,0.3885016,0,848.2080078,0.0797432,0.2945919,0.3577839,117.9414749,58.9805222,86.897995,2.8007331,0.2123462,0.1357363,0.1975326,0.2159997,0.1820761,0.1512598,0.1789793,0.2646557,0.3488503,0.4066404,0.272484,0.2403911
405251,1.3556341,1.5555853,1,0,1557.522217,0.0522187,0.2772263,0.4056503,121.4803162,83.8265228,74.450737,6.5117149,0.5676648,0.3634067,0.5419865,0.5720203,0.4001395,0.2812306,0.3347524,0.5305616,0.7164507,0.8730924,0.7343401,0.6052172
405263,0.0875264,0.2430342,0,0,2429.034912,0.0323252,0.2892973,0.4791612,167.8565216,106.6172485,60.1657562,7.8019643,0.8195449,0.5892426,0.7211056,0.6005138,0.3924023,0.2696294,0.3276456,0.5163482,0.7119648,0.961237,0.9544789,0.9397924
405264,0.2623096,0.3031726,0,0,3972.050293,0.0346237,0.3010385,0.4817388,164.8959503,104.5089874,58.1654625,7.8381791,0.8313064,0.5452784,0.7395725,0.6000348,0.3873967,0.2594462,0.318614,0.5121994,0.7067237,0.9620054,0.9826332,0.9999033
405274,1.3563558,1.4364578,1,0,1141.223511,0.0633788,0.2929244,0.3931172,114.8438187,73.6945343,77.9548569,3.3975227,0.2802336,0.1916377,0.2405247,0.2354403,0.184208,0.1467578,0.1738394,0.2753066,0.3901706,0.5098682,0.4365342,0.3373302
406208,10.3909559,22.2230358,1,0.0964467,1305.919556,0.0311836,0.2650527,0.4649619,144.1000977,90.0164337,60.1155472,6.2658048,0.5675679,0.3973365,0.5138411,0.5059716,0.3657267,0.2694169,0.3161345,0.479044,0.6290792,0.7873181,0.7597101,0.6801118
406213,18.4908009,1584.296021,0.9068422,0.3289455,1012.331604,0.0395305,0.2523969,0.4159358,128.1516266,82.6608734,70.8926544,3.7577424,0.285147,0.1874157,0.2338939,0.2304376,0.1926824,0.1695643,0.2079908,0.3236313,0.4531374,0.5914061,0.5043537,0.3848106
406214,34.0899048,2379.309326,1,0.4350438,765.1411133,0.0709091,0.2787901,0.3644427,119.3558121,61.9453125,85.1295776,2.6461432,0.178027,0.1132784,0.1739009,0.1988968,0.1714585,0.1495295,0.17985,0.2613182,0.3451061,0.4008055,0.2653747,0.215246
406224,0.9178284,2.1434472,0.1137747,0,624.8221436,0.0521149,0.2188349,0.3059482,101.4877777,70.0233917,94.3851624,2.4814596,0.1120094,0.069242,0.1066179,0.123603,0.1301543,0.1323785,0.1880529,0.3190196,0.4524612,0.4802626,0.2353006,0.1410697
407214,16.711277,575.5710449,1,0.2426508,822.5808716,0.0370786,0.2553725,0.4256066,123.403656,79.7037888,70.4478912,3.5198832,0.2911831,0.2011609,0.2453021,0.2511996,0.1936993,0.1551561,0.1857224,0.2841078,0.3851842,0.4995025,0.4441078,0.3883195
407215,18.0529175,1283.320313,1,0.1190754,958.043396,0.0519206,0.2726213,0.4047642,127.8525314,74.9133377,74.990799,4.1850514,0.3354625,0.22192,0.304797,0.3357961,0.2570456,0.2024972,0.2388762,0.3601641,0.4729948,0.5703317,0.4745118,0.4176043
407220,1.9986063,3.7447221,0.8121114,0,785.7120361,0.0508798,0.2618248,0.3837393,117.8060226,67.8432999,80.2426605,2.7096956,0.1851075,0.1160002,0.1632719,0.174217,0.15744,0.1391761,0.1702211,0.2578334,0.3545896,0.4350999,0.3218991,0.2413844
407230,2.78824,4.7433147,1,0,878.0092163,0.0392209,0.2439596,0.4012589,119.2998657,78.1704025,75.5957718,3.8323476,0.2879395,0.1950325,0.2538258,0.285679,0.2267794,0.1784401,0.2165541,0.3330396,0.4494846,0.5641315,0.4679829,0.38001
407253,100.7510986,2558.578125,0.6514819,0.1865111,557.6084595,0.0691231,0.248522,0.3160009,109.7875977,56.1571465,93.364357,2.4724567,0.1419096,0.0898531,0.1454492,0.1698637,0.1567264,0.1405025,0.1801904,0.2822348,0.3760944,0.3994343,0.2236551,0.1739954
408200,1.9737422,510.4574585,0.1532146,0.0061175,675.0946045,0.0623679,0.2606295,0.3498274,115.040535,59.3403931,88.0025558,2.5897214,0.1619252,0.0928669,0.1522501,0.1729885,0.1598178,0.1448982,0.185447,0.2869047,0.3821415,0.4101861,0.2527249,0.1955283
408202,1.1105797,1.402343,0.4539694,0,768.4021606,0.0507182,0.280783,0.4143361,123.8375931,71.4187164,74.085022,3.6887074,0.3099734,0.1832582,0.2906477,0.298606,0.2315976,0.1833657,0.2156599,0.3156531,0.4095191,0.4821814,0.4064782,0.3696095
410057,0.1386947,3.4664607,9.43e-05,0,2616.223389,0.0471948,0.2663693,0.3891422,139.3850403,96.9825363,80.6062775,8.1755323,0.7656947,0.487645,0.6885069,0.651852,0.4878899,0.380602,0.4446619,0.6364857,0.8239158,1.00782,0.9331293,0.8789059
410061,1.4210958,187.022934,0.6349883,0.0008523,2288.384766,0.0713228,0.304551,0.3889091,131.3586884,88.5506287,80.2144699,6.0005975,0.495471,0.3065544,0.4650654,0.4741934,0.3743305,0.2951936,0.3453878,0.4947773,0.6518723,0.7902403,0.6746072,0.6452777
410705,3.4616416,148.7235565,0.323076,0.0753025,1571.377564,0.0496026,0.2465706,0.3415698,138.4627533,81.1398468,71.4266357,5.4388652,0.5446306,0.3825884,0.4564705,0.4241795,0.3290653,0.2722642,0.315838,0.4294164,0.5218756,0.6003999,0.6346635,0.5290369
410730,0.0770013,0.7220795,0,0,2812.084229,0.0175929,0.2008662,0.4062627,170.2773132,116.3983536,80.4440079,7.7848258,0.8305184,0.5644256,0.6833736,0.586962,0.4291968,0.3448552,0.400246,0.5651813,0.7278131,0.9007928,0.889201,0.8661235
410731,0.0783649,0.9765734,0,0,2101.849365,0.024152,0.1972292,0.3724801,154.1952515,97.0570526,77.9573822,5.9157968,0.6324291,0.4383187,0.5150383,0.4511214,0.3366891,0.2737381,0.3166007,0.4363549,0.5510022,0.6608876,0.671212,0.6339858
410734,0.4343735,5.5184326,0.0039464,0,1927.88501,0.0276088,0.2131166,0.3671837,152.6200104,92.962326,67.9626312,5.9145675,0.6314234,0.4682637,0.5284448,0.4474829,0.3368003,0.2789823,0.3232004,0.4378717,0.5378709,0.6340988,0.6674886,0.6214954
410761,1.9264029,1597.960693,0.0123093,0.0105283,1499.511719,0.0254354,0.1843344,0.3187597,147.7744598,92.9231567,69.5917358,4.6477857,0.4783067,0.3572639,0.4047309,0.3524548,0.2709043,0.2233484,0.2541252,0.3367329,0.418971,0.5054533,0.5330906,0.5123346
412028,0.4038844,2.1579652,0.00452,0,1315.319214,0.0458018,0.2364411,0.3614441,134.0992889,79.5010147,77.8304443,4.962976,0.4595286,0.3626159,0.3816327,0.3653274,0.305371,0.2586601,0.2967683,0.4045773,0.4965218,0.5781651,0.5542952,0.4999973
412050,3.7383499,978.7283325,0.3848697,0.0064438,1398.042481,0.0559912,0.2530783,0.3640738,129.3213654,79.6451645,80.9017715,3.6521461,0.2705504,0.1977776,0.2313222,0.2354441,0.2107848,0.1883243,0.2156581,0.2993662,0.4072751,0.5221134,0.5149098,0.3626103
412066,0.4174331,2.1579652,0.0072508,0,1324.172241,0.0441357,0.2366953,0.3629495,135.1360626,79.939476,75.9443436,5.3897548,0.5022043,0.4039865,0.4198195,0.4023776,0.3324367,0.2805681,0.3233698,0.4420126,0.5364895,0.6176435,0.5940295,0.5344397
415207,1.0785978,1.7499524,0.59703,0,722.3074951,0.0468762,0.2694705,0.412782,124.459816,74.6102905,74.2175217,4.3294845,0.3468219,0.1966878,0.3408784,0.3614227,0.2921261,0.2284219,0.2723259,0.3959732,0.4990558,0.5591918,0.4360293,0.4116757
415226,0.441061,0.6365167,0,0,492.713623,0.054481,0.2351999,0.312629,106.8073959,57.9840088,92.5064545,2.351119,0.079645,0.0554602,0.0867753,0.0993228,0.1057667,0.1335516,0.1832629,0.2995898,0.4623016,0.4911985,0.2416442,0.1205188
415237,3.2614155,508.8150635,0.7268444,0.0091754,611.6126709,0.0604997,0.2837868,0.3750617,116.3218689,58.0998497,82.8773651,2.3040729,0.0924035,0.0652843,0.0984404,0.1154384,0.1277503,0.1379067,0.1851214,0.2737601,0.3849702,0.4478221,0.2501572,0.1325948
416003,6.2690873,882.3741455,0.0364448,0.0353587,2159.933106,0.1279798,0.3703184,0.2843802,114.2472,62.2605515,88.5537949,5.8833156,0.6051606,0.5385407,0.4683363,0.4355367,0.3960746,0.347479,0.3955336,0.4400791,0.4594346,0.5693088,0.5658647,0.6568159
416008,0.6441019,91.5572739,0.0029491,0.0029491,2043.932739,0.1253871,0.3250058,0.256179,110.4313507,56.7796745,97.1819534,4.7066779,0.4947243,0.4216824,0.3487324,0.3318628,0.3132262,0.2754164,0.3192985,0.3601523,0.3916701,0.4566528,0.4693086,0.5200853
418005,3.8549142,67.4429855,0.1478563,0.043275,2217.978516,0.1247337,0.3258507,0.2799795,116.3440094,58.476799,95.0099869,4.9337835,0.5299909,0.4349908,0.3622779,0.3544121,0.3248695,0.2867596,0.3254395,0.3842964,0.4273624,0.4893293,0.4813982,0.5290173
418014,4.898808,1177.987183,0.3707511,0.0420801,1781.038452,0.0941928,0.310192,0.2965077,126.2531815,74.8651733,76.6225433,4.5772824,0.4795822,0.4054047,0.323975,0.3195739,0.2855881,0.2469083,0.2808825,0.3459052,0.4164039,0.4877119,0.4827462,0.4980924
419005,0.4958804,100.8960495,0.0090832,0.0008613,1781.754761,0.0929711,0.2855412,0.2923538,123.9289932,68.1664276,84.4319992,4.56743,0.4690516,0.3932528,0.3286583,0.3227638,0.2903796,0.2510539,0.2836546,0.3584641,0.4173224,0.4783221,0.4814236,0.4894289
422202B,0.6345383,483.3437195,0.001508,0.001508,2128.155029,0.2270045,0.3216155,0.0959446,86.3504944,25.4121399,150.8661804,3.1825438,0.2972146,0.2684045,0.2212606,0.2582247,0.2717342,0.2524136,0.2764385,0.2383987,0.2116502,0.2976253,0.2853068,0.3025584
422306A,1.2377092,1.5157123,1,0,2574.578369,0.1665275,0.4689246,0.2883111,99.9562759,43.36409,100.4530563,7.2027397,0.7413542,0.6744329,0.6032967,0.5862222,0.5278494,0.4366392,0.506465,0.4619939,0.4707765,0.6418936,0.721766,0.8220747
422313B,1.5766013,3.3347814,0.8033061,0,2676.775147,0.1651522,0.4764262,0.3005962,99.1434784,43.4916115,98.9613876,7.4334579,0.7567585,0.6973458,0.6487684,0.6035144,0.532669,0.4487503,0.5148473,0.4881094,0.4904144,0.6697397,0.7341434,0.8403361
422319B,1.3341433,4.9758706,0.4812203,0,2439.668213,0.1505655,0.357877,0.1916245,98.8435516,41.1369324,109.1182022,4.9493818,0.4980213,0.4517556,0.4172864,0.3875941,0.3533619,0.3009742,0.3446639,0.3475199,0.3564623,0.4519294,0.4897713,0.5454031
422321B,0.8562247,0.858392,0,0,3027.197754,0.1642215,0.53206,0.3709664,100.796936,47.1941147,90.9375381,8.5905514,0.8778792,0.836731,0.8276864,0.713594,0.6026938,0.5178493,0.577493,0.5627217,0.5426368,0.7413017,0.8203104,0.958272
422334A,4.2676215,751.9474487,0.9729108,0.0081531,2235.341065,0.1514727,0.3150397,0.1508145,97.3042831,38.8451729,115.7320404,4.2748456,0.4433033,0.4113525,0.339348,0.3314977,0.3141898,0.2548667,0.303181,0.2838177,0.2871286,0.3967863,0.4230324,0.4810362
422394A,3.7456713,117.9432831,0.5442856,0.0234544,2641.080322,0.1671351,0.4420614,0.2586911,97.4872589,40.4530067,104.900444,6.7417884,0.6905339,0.6422465,0.6159146,0.5499642,0.4763,0.4047721,0.455607,0.4425089,0.4429685,0.6000575,0.6564029,0.7565413
424002,0.0160788,0.0662899,0,0,999.6144409,0.0741831,0.0948811,0.0446526,80.6249161,38.0465546,157.361618,0.9019311,0.0643382,0.0594079,0.0612735,0.0853538,0.1030675,0.0926255,0.1106972,0.0902911,0.0539887,0.0573684,0.0686032,0.0558283
424201A,0.0169389,0.0662899,0,0,1030.229981,0.0741432,0.0956222,0.0453944,80.0636139,37.9484406,158.1032257,0.9034542,0.0650288,0.060593,0.0611361,0.0855529,0.1032095,0.093026,0.1108426,0.0910661,0.0522495,0.0569253,0.0686961,0.055977
102101A,0.0027238,0.0064146,0,0,12200.14551,0.4903772,0.3999843,1e-07,71.9755707,69.0734634,6.384738,4.8733635,0.6356195,0.5516551,0.6164384,0.5819979,0.4526133,0.2998825,0.2002845,0.1763898,0.0641066,0.2069552,0.4462065,0.6291704
104001A,0.006395,0.0064146,0,0,10711.09863,0.4138392,0.302361,1.9e-06,91.4149933,93.3444366,25.9002132,3.1530561,0.5321584,0.4774439,0.5420464,0.4124875,0.1695754,0.0513678,0.034963,0.0262618,0.0154177,0.1100668,0.2719786,0.4935581
105101A,0.1381765,0.3834635,0,0,9971.501953,0.4279349,0.4324846,0.0039069,77.603981,65.4211426,238.2093201,3.6792669,0.4341999,0.3957666,0.4779061,0.4502466,0.3787008,0.2254556,0.1941283,0.1359619,0.1076996,0.1562266,0.306024,0.4087999
105102A,0.0186513,0.0213266,0,0,7440.337891,0.4050671,0.3532142,0.0003752,89.403511,79.5769119,283.4309998,2.2135296,0.2886054,0.2804103,0.3584619,0.2893596,0.222062,0.0820529,0.0699161,0.0279827,0.0327862,0.1020142,0.1866589,0.2659329
105105A,0.2077802,0.3834635,0,0,11889.16016,0.4533866,0.5215317,0.0059226,65.9704666,51.3066864,227.3379517,6.0533643,0.7289503,0.6297988,0.7071133,0.6590992,0.5769166,0.3974243,0.3422375,0.2766179,0.2154189,0.2671722,0.52605,0.715246
107001B,0.2594769,0.3834635,0,0,10868.87207,0.4729872,0.4181066,5.06e-05,70.3856506,66.3852539,187.4231567,4.7615209,0.6039198,0.5163736,0.5768255,0.5419711,0.4496123,0.2869131,0.2674167,0.1819224,0.1251236,0.1713945,0.4389742,0.5906312
108002A,0.2397948,1.8209698,0.1793145,0,13016.14258,0.4627829,0.5875669,0.0265829,58.3861885,40.8314972,236.0163727,7.7139215,0.9297872,0.7931705,0.8681026,0.7943798,0.6967512,0.4998688,0.4486981,0.379055,0.2798562,0.3790959,0.7226912,0.9088522
108003A,0.2847124,28.9838276,0.0187596,0.0061599,16073.66309,0.502062,0.6184456,0.0087598,50.431015,35.6807365,238.5123138,9.4341269,1.0805141,0.9195832,1.003997,0.9338546,0.8334737,0.660681,0.6118474,0.5699129,0.4138916,0.4729323,0.8587227,1.0615513
112002A,1.5434246,5.9034429,1,0,22834.68945,0.651764,0.7241803,0.0017799,26.6340714,15.6578684,261.7908325,9.8162527,1.0049996,0.8374845,0.8894328,0.7836238,0.6987673,0.6658787,0.6819097,0.7497235,0.7660767,0.7626612,0.9538859,1.0146807
112102A,1.024013,1.598536,0.393512,0,20752.12891,0.6141788,0.7522945,0.0123257,31.7846012,12.9897661,233.5835419,9.8876362,1.0052701,0.8435006,0.9005907,0.7966179,0.7127196,0.6788396,0.7006925,0.7674196,0.7777995,0.7649293,0.9252868,1.0072634
113004A,0.5202343,1.1894414,0.0068729,0,12143.19531,0.4765624,0.7617853,0.0679455,45.9282875,15.5858507,183.7598419,9.3138361,0.9785798,0.8399962,0.9027901,0.8054098,0.725179,0.6696579,0.6795136,0.7158376,0.6437822,0.5810035,0.8144242,0.9485105
116006B,0.7495888,328.2425537,0.075402,0.0109583,5482.991211,0.3800194,0.519684,0.0300435,75.7629623,56.4038353,199.3176727,3.8983507,0.4543634,0.4037609,0.4460847,0.3820943,0.3494747,0.2759974,0.2418914,0.2098112,0.148905,0.2140725,0.35203,0.4127503
116010A,0.0182853,0.8213851,0,0,6661.419922,0.4264638,0.663147,0.0504155,58.4403381,33.4707947,190.8898468,6.2907891,0.7102009,0.6196741,0.6739924,0.5871195,0.5377102,0.4524028,0.4472692,0.4052125,0.3001519,0.3480409,0.54907,0.651249
116011A,4.4044151,328.2425537,1,0.0056338,7063.473633,0.3650445,0.7577466,0.1514995,61.4881401,18.8167133,152.8570862,6.5068049,0.6898779,0.5975702,0.6453248,0.578252,0.5323553,0.4720767,0.4685331,0.4626604,0.3801786,0.3774656,0.6160632,0.678979
116012A,0.0248211,0.762848,0,0,5530.027832,0.3980764,0.6121325,0.0478187,65.7183914,41.3287468,189.3935242,4.6220503,0.5061907,0.4445493,0.4968605,0.4397326,0.4095445,0.3529885,0.33089,0.3039154,0.2054301,0.2583688,0.3980917,0.4699591
116013A,6.2602258,328.2425537,0.6795779,0.1261742,6968.783203,0.3773244,0.7063334,0.1100402,62.9884758,27.6691055,167.3414764,5.5434585,0.5863265,0.5124916,0.5604995,0.5052977,0.4667388,0.4126194,0.3972604,0.3843746,0.308875,0.3128267,0.5144464,0.5750689
116014A,3.2100744,208.0981293,0.5080147,0.0613734,5457.607422,0.3562626,0.6144451,0.0771502,72.7830124,44.0704689,176.8674622,3.5465057,0.3819747,0.3399301,0.3817764,0.3450312,0.325316,0.2580551,0.2366937,0.203655,0.1524582,0.2091043,0.333392,0.3744206
116015A,0.5033968,0.5033959,0,0,7165.45166,0.4261805,0.7257679,0.0722688,54.8162155,25.2567482,175.363266,6.5982118,0.7031122,0.6109424,0.6646908,0.6032218,0.5506984,0.5002832,0.4854513,0.472636,0.3799585,0.3724107,0.5746076,0.6726844
121001A,0.1493341,0.4200244,0,0,5790.064941,0.3906129,0.3952215,0.0129812,84.1940384,56.8382568,212.6668396,3.3474438,0.3605479,0.3372447,0.3732262,0.3289327,0.3167109,0.2449659,0.2406123,0.2199661,0.1229903,0.1796886,0.2660239,0.3524964
122004A,1.056891,1.0568916,1,0,9369.666016,0.4588472,0.5492164,0.0189609,62.958271,44.1335602,211.7836761,8.1849594,0.9910005,0.876053,0.9114687,0.7748554,0.6998294,0.5444565,0.5494115,0.5188655,0.2566809,0.4259885,0.6672711,0.9574049
126003A,0.1441687,0.1441688,0,0,7395.96875,0.4257555,0.4821576,0.0248493,73.0076065,44.6725998,204.6387329,6.5928478,0.7951865,0.6985362,0.7149748,0.5777078,0.5277936,0.392632,0.3802842,0.450973,0.2007416,0.4118216,0.6386309,0.7948354
136202D,0.3852941,3.0617394,0.0629233,0,2893.951904,0.2579267,0.4761257,0.1498419,88.4101486,32.3521385,138.6423798,5.2415733,0.5317273,0.5068223,0.4684863,0.4361383,0.3944101,0.3345422,0.3835427,0.3463965,0.3246637,0.458419,0.4654298,0.5852078
136203A,1.5007043,3.0011456,0.9888925,0,2485.473145,0.1886501,0.3700765,0.1634893,96.2033768,38.415123,121.6558456,5.2039776,0.5549791,0.5098156,0.4031365,0.41006,0.4028977,0.3345589,0.389452,0.3365566,0.3325117,0.4715417,0.4630477,0.5892591
136208A,1.124843,188.6950073,0.303172,0.0019686,2165.307861,0.2377942,0.3799407,0.092231,82.928894,27.7136021,153.2814178,3.9792471,0.408445,0.3718774,0.3475056,0.3216574,0.3149563,0.245925,0.2998769,0.254919,0.259001,0.3440611,0.3615806,0.4462972
137101A,1.4113885,237.313736,0.471388,0.0001536,3249.708496,0.3723703,0.4950676,0.0548675,73.915184,29.1711979,185.5360718,4.4411349,0.4700102,0.4048502,0.4238421,0.3548257,0.3626366,0.2885225,0.32911,0.296952,0.2729303,0.381934,0.3961924,0.4573705
137201A,4.6480827,740.508606,0.8220598,0.0450444,3340.628662,0.3907194,0.5059884,0.0463818,71.7853928,28.9806519,187.9737244,4.4825377,0.4725954,0.4166325,0.4289435,0.3592829,0.3690156,0.2961533,0.3309006,0.2919985,0.2668691,0.3828546,0.4006413,0.4638734
138004B,0.3429304,0.7702439,0,0,2917.576904,0.3169973,0.4565639,0.0774911,78.7368774,29.6873837,170.1618958,4.910912,0.5150755,0.4629317,0.463247,0.3953218,0.3863925,0.3078266,0.3653244,0.3190598,0.2905071,0.4173962,0.4465222,0.5378712
138009A,7.2874918,11.1569777,1,0.4287166,5105.127441,0.4030657,0.6884418,0.1428831,66.5218658,18.2737293,159.7820892,7.5685158,0.758698,0.769271,0.7670671,0.6380727,0.5527422,0.4970694,0.5226678,0.4893754,0.4366592,0.6062117,0.6750526,0.8434541
138010A,0.6200613,170.7573242,0.1194876,0.0001956,2795.891357,0.2637877,0.4353445,0.113048,82.7350464,27.3341198,152.1403198,4.6438375,0.4754757,0.4476787,0.4224821,0.3869888,0.3625655,0.2938116,0.3501074,0.3044659,0.2872173,0.3869485,0.401655,0.5198826
138113A,1.7987175,3.0617394,0.9949913,0,4252.887695,0.3286525,0.5952074,0.1630549,77.6903381,25.2155857,145.6060333,7.0280361,0.7287654,0.7157142,0.6655844,0.5885735,0.5182303,0.4430057,0.4905693,0.4464779,0.4060913,0.5995306,0.6277514,0.7869897
143009A,1.5644599,709.1314087,0.4460161,0.0093236,2631.955566,0.2376587,0.4246351,0.1386829,89.6896362,34.1486435,136.7423096,5.3723354,0.5367138,0.5251752,0.4733991,0.4444517,0.4133785,0.3515797,0.3891468,0.349066,0.3306408,0.4801501,0.4877011,0.5838799
143110A,1.8836198,5.886827,1,0,3747.219482,0.2835672,0.4762619,0.1315792,88.2856827,32.7717476,143.4436493,5.3615546,0.5718367,0.5339891,0.4681912,0.4398158,0.3986621,0.3166526,0.3704629,0.3352112,0.2994222,0.4643621,0.5383183,0.6170966
143303A,17.95191,248.3836517,1,0.6946359,7719.293945,0.3869583,0.7284741,0.1853597,70.76371,15.1824684,147.2447968,8.5660305,0.9081408,0.8464223,0.8486009,0.6988776,0.5856202,0.5354029,0.5668381,0.5808198,0.4994576,0.7162978,0.813883,0.9543408
145010A,1.786922,5.9510856,0.9973691,0,4567.773438,0.2556229,0.6162385,0.263533,86.5475311,28.1024151,119.1371765,8.195672,0.8869865,0.806284,0.7561737,0.6725971,0.5664957,0.4877212,0.5382764,0.5243886,0.4723853,0.702774,0.8228047,0.9477198
145011A,0.9310799,1.2831697,0.4006397,0,4192.631348,0.2367885,0.5111353,0.219424,92.3464355,35.38451,121.9657974,7.4745479,0.7952282,0.7292457,0.672749,0.6015463,0.518281,0.4378256,0.5040578,0.488001,0.476041,0.6628008,0.7409554,0.8378219
145018A,0.6975279,1.32077,0.0024282,0,4572.272949,0.2259958,0.5506629,0.2665423,92.7267761,34.4530487,113.1757965,9.5696421,1.0142986,0.9344133,0.8989753,0.7783388,0.6498477,0.5675319,0.6337613,0.6446467,0.6046956,0.8309931,0.9322742,1.0671805
145101D,2.3396482,8.8924475,1,0,4912.461426,0.2644608,0.603233,0.2311427,82.4427872,23.4932289,125.5084763,7.8838463,0.8511201,0.7598389,0.7099246,0.6419261,0.5378723,0.4688839,0.5141484,0.5189272,0.4994083,0.6810863,0.7878658,0.9026874
145107A,10.5120735,330.4269104,0.9993414,0.1004281,6612.330566,0.277151,0.675792,0.2670557,80.1588058,22.4558868,119.0753479,8.5879498,0.9256345,0.8191818,0.795897,0.687817,0.5666525,0.5072612,0.5517763,0.5839383,0.5653947,0.7449107,0.8537025,0.9755924
146010A,10.005188,330.4269104,0.8664187,0.6094014,6446.983398,0.3072109,0.699846,0.2452681,76.799408,18.8371964,126.132309,8.4249277,0.9102659,0.8061333,0.7833002,0.6781147,0.5593125,0.4989193,0.5426251,0.5710674,0.5515779,0.7244333,0.8314483,0.9576035
146012A,33.6710548,74.9443207,1,1,12271.69727,0.3894354,0.7745787,0.1893398,68.4143219,12.434104,139.9537201,8.9712009,0.9876971,0.8417811,0.8538837,0.6902947,0.5560068,0.5121012,0.5579039,0.6318861,0.6165792,0.7895371,0.902644,1.0220197
146014A,16.4148941,49.4073105,0.6544901,0.6270928,6331.398926,0.3078174,0.7196186,0.2539446,78.4525299,18.9899654,123.4097214,8.3878298,0.9107394,0.8068283,0.7863544,0.6787456,0.5592189,0.4983535,0.5418012,0.5644353,0.5401553,0.7137035,0.8245723,0.9526128
146095A,25.6520939,231.7680969,1,1,13359.04883,0.3799222,0.7705562,0.2002905,69.5851517,13.2692842,137.297226,9.2591486,1.0204787,0.8671395,0.8776094,0.7091843,0.5712709,0.5253683,0.5740224,0.654592,0.6452084,0.8181726,0.9333265,1.0536747
A5030502,41.2925262,335.9205322,1,0.9850267,897.414978,0.0461363,0.2990797,0.3849949,93.7417068,68.5468521,82.4622955,3.5538445,0.2091782,0.1367826,0.3018078,0.3049719,0.2432405,0.1973258,0.2355213,0.3324043,0.4222573,0.4792451,0.3734207,0.3279273
A5040517,68.2939529,356.9020081,1,1,1083.878906,0.0452584,0.2952235,0.3993275,98.0003433,70.0130768,79.7657089,3.8394337,0.2363171,0.155541,0.3428822,0.3368541,0.2598153,0.2066708,0.2453278,0.3414408,0.4382989,0.5062891,0.4126335,0.3678483
A5040523,38.6963692,507.3627014,1,0.6789716,1416.281494,0.0436535,0.2873777,0.4008094,100.0321274,73.9170914,79.6575851,3.7908137,0.2193248,0.1357908,0.3248338,0.3268239,0.2604788,0.2131125,0.2535113,0.3482884,0.4495253,0.5174515,0.4019006,0.3515491
A5050517,5.4103317,9.7336502,1,0,681.1271973,0.0373729,0.2286599,0.3711756,101.193634,79.9024048,88.8853683,2.7603266,0.0744561,0.0512719,0.1093932,0.1291842,0.1550217,0.1904242,0.2618902,0.3946875,0.5102806,0.496083,0.2645674,0.13403
A5130501,0.1609233,0.1609234,0,0,591.2116089,0.0353228,0.3288584,0.3769347,71.5324249,54.3469582,83.2031174,4.746757,0.2499826,0.1679288,0.433298,0.441801,0.3669401,0.2982229,0.3513187,0.4929104,0.5953065,0.5915514,0.3904364,0.3825775
204034,0.2474472,0.6127561,0,0,2521.690918,0.1104155,0.3780592,0.3184707,120.7101669,70.41185,73.9328766,7.1500158,0.7896744,0.6941292,0.6103963,0.5717885,0.478881,0.4008925,0.4652247,0.4927272,0.5043854,0.6377961,0.6735095,0.8216835
206014,0.4269256,1.7657762,0.0073075,0,1997.99585,0.0689645,0.3157251,0.3236997,128.9815674,79.6916122,57.5797119,4.6390171,0.5371881,0.4541614,0.4015821,0.3536173,0.2860906,0.2322219,0.2551715,0.3002221,0.3541328,0.43314,0.4804901,0.5439523
206018,2.5168502,569.8833008,0.0061376,0.0058268,1755.706055,0.0707026,0.3051332,0.3330487,133.1340485,81.7646942,64.8641739,5.0202274,0.5411668,0.4574751,0.3818146,0.3584431,0.3062469,0.2629274,0.2970447,0.3709615,0.4345304,0.5156627,0.5283974,0.5599976
208007,0.2369374,0.2779404,0,0,2267.448731,0.0975998,0.4040657,0.4083664,118.4589844,68.9293976,70.9333191,8.5414171,0.9354097,0.80095,0.7482976,0.6475474,0.5265769,0.4589097,0.5225751,0.6413034,0.7256927,0.7972348,0.8449701,0.8806992
208009,0.3448475,0.4683935,0,0,2793.421875,0.0865757,0.3445284,0.3797757,120.7157364,69.2301331,78.0868225,7.6020679,0.7681734,0.6748529,0.5863654,0.5599122,0.4706701,0.4096483,0.4675873,0.6167657,0.7167357,0.7691185,0.7636223,0.790455
210006,0.452331,72.9404907,0.0411504,0.0003455,1460.52124,0.0965938,0.2448614,0.2210611,108.3549652,48.6263084,99.1483841,4.2777276,0.416952,0.334475,0.3265977,0.3197066,0.3058221,0.2636012,0.3005757,0.3711745,0.4030737,0.4425604,0.4023298,0.3907668
210011,0.8050453,1.2448989,0.4016116,0,3520.662598,0.2181231,0.5571502,0.3148067,97.0909805,40.7195358,103.4198761,8.7732534,0.9437711,0.858218,0.8304289,0.6633053,0.5389136,0.4733415,0.5246656,0.6315582,0.7021359,0.8199044,0.8697006,0.9033424
211008,13.2127533,425.1195068,1,0.319822,3691.186279,0.2397968,0.569096,0.2411961,81.443573,21.1811104,123.9974899,7.0329413,0.7212396,0.6980031,0.6744726,0.5604181,0.4336974,0.3879894,0.4300454,0.5357305,0.5645417,0.635303,0.7153293,0.6619893
212209,4.7803817,12.1493683,1,0.155881,4288.612793,0.0951971,0.4333304,0.4387403,111.2059555,60.3818512,70.4625397,8.032917,0.8340776,0.7635703,0.7335836,0.5930912,0.4455586,0.3742739,0.4378793,0.6090807,0.7025724,0.8303861,0.8529773,0.8440124
212260,0.1791671,2.4619341,8.98e-05,0,1902.175293,0.0566036,0.2783972,0.3855974,133.0318146,78.3748474,73.4134827,7.7474937,0.7731802,0.6814457,0.6738505,0.5968783,0.4682426,0.3931908,0.4573437,0.6244755,0.7196084,0.7895737,0.7837369,0.778438
215002,1.320188,474.9562073,0.1431119,0.0026185,1895.934448,0.0479248,0.2699887,0.3838435,136.6018677,80.3911819,66.5342636,6.0031185,0.6206014,0.4807953,0.5343487,0.4662664,0.3520764,0.2919382,0.3374024,0.455278,0.552476,0.633774,0.6773161,0.5982047
215004,0.4681734,0.4683029,0,0,1679.393189,0.0655868,0.3052716,0.3737729,122.3743439,63.9556007,69.96138,5.4049206,0.5392125,0.4595924,0.4732939,0.4199965,0.322437,0.2731685,0.3189918,0.4284026,0.4970419,0.5600896,0.5889453,0.5188543
215207,1.0516362,474.9562073,0.1893213,0.0010695,1607.13794,0.061127,0.2741671,0.3464028,126.5641098,69.5093613,71.7555923,5.1207166,0.5065402,0.4139552,0.4464288,0.4000804,0.3112218,0.2615102,0.3008892,0.4016204,0.472629,0.5429018,0.5689862,0.4910564
216002,0.4661395,9.4968567,0.0010254,0,2588.650635,0.1037434,0.4070483,0.3570126,103.9953613,43.9447556,85.324852,7.9131665,0.8046631,0.7293767,0.7074673,0.6076772,0.4556069,0.3787681,0.4433275,0.6054858,0.7129917,0.8284369,0.857198,0.7705493
216004,7.0116067,47.1045151,1,0.1026034,3293.01709,0.1531933,0.4852633,0.2711917,87.1622772,23.5764828,106.1200867,7.1825604,0.7335885,0.6900753,0.6361367,0.5489824,0.4125789,0.3452249,0.4031278,0.5540698,0.6387859,0.7405996,0.7618112,0.7048973
218001,0.2071609,1.1088923,0.0040582,0,2350.091553,0.0247831,0.2453798,0.4457846,146.5970154,93.0654907,61.4304543,6.544374,0.6706129,0.52981,0.611891,0.5028451,0.3700079,0.307952,0.36162,0.4847926,0.585728,0.6836957,0.7158893,0.7178578
219001,0.691206,0.6979926,0,0,2497.942627,0.0246843,0.2581455,0.4737338,149.1734619,95.4993362,61.2131615,6.0993834,0.6423245,0.5193461,0.5765131,0.4533548,0.3305812,0.270987,0.3168508,0.4295267,0.5305165,0.6396406,0.6913313,0.6948696
221207,0.171834,0.3065421,0,0,2623.344482,0.0378808,0.3064356,0.4812231,144.1921692,93.6445236,60.9599113,8.5120783,0.8541884,0.582733,0.7868282,0.6409022,0.4554014,0.3646311,0.4357207,0.6186218,0.7969927,0.9741758,1.0201597,0.9884368
221210,0.1715693,0.1844619,0,0,2070.665283,0.0516935,0.3346592,0.45213,122.8837738,70.5921555,61.2485161,7.1048894,0.6902027,0.5425228,0.650562,0.5397123,0.3924556,0.3230716,0.3832298,0.5199299,0.6494709,0.7685475,0.8328125,0.8123212
222206,0.1999148,32.848526,0.0030008,0.0030008,1947.979126,0.0289071,0.2620396,0.4507916,154.6977234,102.9904785,68.6736755,7.4906096,0.7455136,0.5525426,0.6849951,0.5504193,0.4058942,0.3183288,0.3772929,0.5345965,0.7001429,0.8751134,0.8947555,0.8533416
222213,0.1715037,0.3159184,0,0,2237.357422,0.0212112,0.2260644,0.4290377,164.3604279,110.5167084,74.4177475,6.7838306,0.7140998,0.5287896,0.6377134,0.4925059,0.3635537,0.2832927,0.3317133,0.4678517,0.6063988,0.7731504,0.7986171,0.7868935
223202,0.3580748,96.2101364,0.0018467,0.0018467,1588.569458,0.0293288,0.249459,0.4292063,142.173172,98.000145,69.9487686,6.7792068,0.6519847,0.4952912,0.6021156,0.4989305,0.3832881,0.3000659,0.3556097,0.5069041,0.6506903,0.8077787,0.7911978,0.7375851
224206,0.0487338,0.6956347,0,0,3284.529053,0.0347151,0.2789356,0.4547053,162.1125031,105.3212662,66.9473495,6.9964628,0.7141348,0.5398096,0.6393617,0.5399309,0.3692873,0.2705728,0.3182794,0.4766638,0.644808,0.8417338,0.8293875,0.8126802
224213A,0.2929536,134.4570618,0.0157791,0.0073391,2404.166992,0.0328317,0.2746615,0.4533353,157.7886047,104.3273926,67.8354721,6.9707732,0.6992161,0.5429153,0.6319416,0.5331575,0.3773795,0.2827023,0.3329555,0.4861358,0.6481192,0.8321446,0.817565,0.7860103
224214A,0.147473,0.6033925,0,0,1410.539063,0.0423782,0.3060862,0.4588584,140.0180206,91.9488754,63.395649,7.1686158,0.6804244,0.5289378,0.6397909,0.5524417,0.3995121,0.3049237,0.3650592,0.5286153,0.694625,0.8684124,0.842424,0.7644302
225020A,0.0925936,0.2321709,0,0,3488.381348,0.0137167,0.2262872,0.5103686,195.1374207,122.6876221,66.3300018,8.8407755,0.9635641,0.712483,0.8443872,0.6485538,0.4203251,0.2878895,0.3517434,0.5594712,0.7761966,1.053692,1.0971518,1.1248658
225110A,0.09316,0.2430342,0,0,2416.360352,0.0334278,0.3018399,0.492507,165.9398956,104.4742355,56.2536354,8.3673267,0.8650931,0.6246851,0.7771012,0.638569,0.4144941,0.2809732,0.3436295,0.5534961,0.7654718,1.03425,1.0392202,1.0330839
225219,0.0245913,0.4473677,0,0,2099.087402,0.0254731,0.2538064,0.4628431,174.4541016,113.1527481,68.6509857,7.047677,0.7229006,0.5354621,0.6403332,0.5500366,0.3709619,0.2666307,0.3151531,0.4813726,0.6546321,0.8593276,0.8311487,0.8207644
226220,0.3259292,0.3259294,0,0,2586.0271,0.0481144,0.3623831,0.5074834,149.4070587,90.0537415,47.9379234,7.9435573,0.8119626,0.6031997,0.7479326,0.594554,0.3808801,0.2492199,0.3152213,0.5213525,0.7195175,0.9756887,0.9966315,1.0297815
226222,1.0793753,3.3130043,0.6691624,0,2843.647217,0.053321,0.3812842,0.507184,144.5246429,85.324852,47.4760399,8.5624151,0.8829197,0.6371908,0.8080437,0.6406789,0.4094759,0.2658702,0.3378458,0.566655,0.779481,1.0576997,1.0710616,1.109539
226407,1.9744558,5.5442076,0.9912394,0,1721.809815,0.0691068,0.4300704,0.4759222,128.8882599,69.4200058,54.659729,8.3432693,0.8580379,0.5944362,0.7913496,0.6209966,0.4081515,0.2759817,0.3524455,0.5750402,0.7909691,1.0281572,1.0508237,1.0019045
227225A,3.8371174,6.772366,1,0,2223.690918,0.0533486,0.4008394,0.5276321,138.6090851,77.5571823,44.7489853,8.7412739,0.9404247,0.6609623,0.8299056,0.6347288,0.4189861,0.2875249,0.3653694,0.5861171,0.8028467,1.0424948,1.098639,1.0759766
227226,3.3883233,4.7404904,1,0,1394.136231,0.0792149,0.4480375,0.4430574,122.0206299,63.9524002,60.7216721,7.111577,0.7298903,0.4926763,0.6639512,0.5286277,0.3516037,0.2416852,0.3050765,0.4937236,0.6765465,0.8813752,0.8878615,0.864337
227227,5.9664907,8.3450909,1,0,1576.009888,0.073469,0.4309028,0.4517169,125.4910965,67.7872162,59.2154541,5.7974763,0.6107524,0.4226319,0.5277796,0.4171434,0.2796519,0.1947055,0.2423085,0.3907092,0.5353814,0.7205896,0.7337983,0.7252269
229650A,0.2472908,0.3259294,0,0,3738.577637,0.0425529,0.3445669,0.5086499,154.1865234,94.6057129,47.9619865,7.7172775,0.7945564,0.588589,0.7277751,0.5764748,0.3697478,0.2447416,0.3058425,0.5001756,0.6910028,0.9421563,0.9684541,1.010016
229661A,0.243034,0.2430342,0,0,2976.9021,0.0415172,0.3273627,0.4844077,157.1873169,98.0519638,53.842083,8.375639,0.8334587,0.5405412,0.7793391,0.6509473,0.4194927,0.2769756,0.3450104,0.566066,0.7846391,1.0609239,1.0585506,1.0700387
230210,5.3292751,9.2675524,1,0,1087.359863,0.0360022,0.2805251,0.4686423,140.8603363,84.656929,59.3396187,6.2574596,0.5665052,0.4079935,0.5167249,0.500519,0.3643183,0.2679267,0.3159713,0.4789022,0.6252828,0.7753149,0.758209,0.6843514
231213,4.5389481,39.5535316,1,0.037233,1398.394531,0.0312982,0.2689277,0.4708341,144.6990814,89.5635605,59.2855453,7.0708113,0.6382619,0.4475135,0.5896587,0.573847,0.4058147,0.2986935,0.3533039,0.5368447,0.7057631,0.8894442,0.8549731,0.7832462
235205,0.9172983,0.9172986,0,0,2825.233643,0.0349402,0.3487712,0.5304571,126.6530457,75.4152679,45.2623253,8.6387348,0.9116988,0.7064518,0.8026032,0.606759,0.4210535,0.3158574,0.3942342,0.5842311,0.774445,1.017505,1.0454972,1.0569708
236213,3.6332495,339.5259399,0.8888741,0.0116905,694.9106445,0.0420249,0.2663642,0.4217351,122.4064865,75.1534576,71.867485,3.4826527,0.2542743,0.1595622,0.2088894,0.2200552,0.1821141,0.1538066,0.1938024,0.2939804,0.417698,0.557531,0.4810074,0.3672153
238208,0.3386515,0.3386514,0,0,779.1315918,0.0308163,0.2515336,0.4412782,124.5823288,92.1735535,68.4576416,4.7862158,0.3842493,0.2325646,0.3858175,0.4101036,0.3024851,0.230695,0.2788133,0.4090827,0.5313576,0.633324,0.532515,0.4652562
A2390519,0.7776227,44.2924805,0.0978003,0.0030396,481.8571777,0.0423289,0.2732326,0.3808284,99.6511917,68.5484161,83.0137024,2.4683831,0.0925336,0.0474231,0.0899962,0.1030766,0.1168245,0.1363287,0.2013134,0.3072919,0.4241789,0.4719013,0.3167723,0.1703148
A2390523,2.5720873,7.4836197,0.9845614,0,606.0324707,0.0419107,0.3374905,0.411497,90.7840881,54.5586548,72.4305649,3.9750495,0.3169411,0.1493353,0.3395744,0.325764,0.2495841,0.2005783,0.2534109,0.3587663,0.4656827,0.524381,0.433692,0.3700426
A2390531,0.6887204,1.2483771,0.0123327,0,370.7409363,0.0378256,0.248094,0.3471437,90.8567047,71.1596451,90.3368835,2.494271,0.0800911,0.0459786,0.0915948,0.1130706,0.1272226,0.1376795,0.2067616,0.3314694,0.4628719,0.4827449,0.2829009,0.1415799
604053,0.3011659,1.8227286,0.0665631,0,593.2929077,0.0607081,0.3712099,0.3828189,79.2256317,48.2697525,86.8523788,3.4535868,0.1500389,0.1435501,0.2151956,0.2384416,0.2301335,0.2204775,0.2754619,0.4026445,0.5051678,0.5098597,0.374496,0.1943619
606001,0.1073915,0.10784,0,0,820.7329102,0.0645725,0.4012554,0.3935574,79.5549316,48.452034,82.6106567,5.37919,0.2179874,0.2325771,0.381622,0.4823098,0.4267897,0.359071,0.4053363,0.5631251,0.6902409,0.7324368,0.5953866,0.2996351
606002,0.1078401,0.10784,0,0,1032.860107,0.0614634,0.404795,0.3965903,82.1252747,52.7500763,80.9333496,5.9585671,0.2362679,0.2520802,0.4186689,0.5455146,0.4681672,0.3912912,0.443697,0.6209888,0.7661214,0.829446,0.6701279,0.3243585
606185,0.1332003,0.4350437,0,0,1101.622559,0.0648266,0.4115692,0.3906393,78.6856232,49.9925537,81.9802475,5.8146963,0.2224151,0.2379944,0.3940421,0.5375401,0.4625709,0.3869444,0.4381751,0.612349,0.7570554,0.8187124,0.6526195,0.3024907
607155,1.1392791,9.7418947,0.0834935,0,1369.110352,0.0743451,0.4505451,0.3744184,75.9641113,48.3700981,82.2290192,6.0697618,0.2341588,0.241284,0.4088165,0.5641034,0.4692662,0.3910481,0.4438329,0.6203909,0.7791856,0.8558336,0.7013196,0.369892
608002,0.9172977,0.9238905,0,0,1243.8573,0.063469,0.4192969,0.3910869,88.2358246,56.3578262,80.9189148,5.8106294,0.2122445,0.2197812,0.3921041,0.5325313,0.4571438,0.3807347,0.4314659,0.5973164,0.7500869,0.8271366,0.6687067,0.351531
610008,0.3831344,2.0088468,0.097561,0,1120.902466,0.0597232,0.3766297,0.377027,71.3975449,50.5245781,88.6549835,2.9187069,0.0670594,0.1120162,0.1585516,0.1994063,0.1948607,0.1917143,0.2429233,0.3458953,0.4564079,0.4548529,0.3377218,0.1617625
613002,0.4175044,1.12445,0.0333261,0,1431.008667,0.0646814,0.343327,0.3823951,84.8397827,59.0128822,89.4298782,4.1726437,0.123569,0.1782366,0.2547966,0.4091612,0.3597665,0.2986262,0.3388388,0.4614299,0.5706921,0.5712678,0.4534567,0.1559925
613146,0.8659078,8.9436102,0.0552923,0,1295.276489,0.0698025,0.3692352,0.361982,77.3534088,57.7945213,92.5242767,2.9075487,0.0916749,0.124246,0.1638893,0.2397729,0.2287836,0.2063324,0.2410583,0.3380876,0.4222837,0.4198337,0.3189751,0.1154817
614044,0.232196,1.12445,0.1580952,0,1354.391968,0.0567687,0.3142066,0.3820565,87.159462,62.7786217,91.0741119,4.2618585,0.1169999,0.1884671,0.2399573,0.4145684,0.3842423,0.3187926,0.3620962,0.4909904,0.5978893,0.5726355,0.4220165,0.1563067
616002,0.2497044,0.3076641,0,0,903.4993896,0.0698297,0.3127249,0.334655,80.0741425,55.4479904,104.4534531,2.6005859,0.079956,0.1157433,0.1392391,0.2241038,0.2514391,0.2248892,0.2521476,0.3284102,0.3808982,0.3186557,0.2085637,0.079396
616013,0.4346333,0.85728,0,0,719.8725586,0.0661942,0.2966682,0.3229158,78.8123169,58.826561,108.4966202,2.4481478,0.0625819,0.0769849,0.1139646,0.1591047,0.2132562,0.2169517,0.2649196,0.3797847,0.4429933,0.3073114,0.1551297,0.0613906
616065,0.0897789,0.3110458,0,0,1213.193848,0.060031,0.3094965,0.3591242,82.7623062,63.3490105,97.4503784,3.3536489,0.0981089,0.1580452,0.1842834,0.3151802,0.3157313,0.2710524,0.3027205,0.391065,0.4606147,0.4318103,0.3064865,0.12083
803003,0.0044479,0.0044479,0,0,7430.825684,0.2923274,0.0708422,0,117.2553558,106.6348877,464.2330017,0.9220577,0.1330471,0.1976144,0.2604071,0.1260454,0.04224,0.0214006,0.0090054,0.0002882,0.0014727,0.0123668,0.0348718,0.0736823
804001,0.002181,0.0044479,0,0,6908.831543,0.3129162,0.1215704,3.09e-05,112.0781479,111.8300552,335.9814758,0.9356844,0.1262934,0.1708913,0.2358174,0.1329489,0.0464572,0.0297913,0.0135802,0.0003571,0.0058098,0.0240675,0.0518939,0.0900614
809310,0.0071176,0.0071175,0,0,4550.59668,0.2578836,0.0931584,0.0001736,104.3024063,86.105751,291.3004456,0.747143,0.1060757,0.1380753,0.1783048,0.0668561,0.0319964,0.0428437,0.0157777,0.0005781,0.0046083,0.032991,0.0506754,0.072395
G8110004,0.010109,0.010109,0,0,5494.149414,0.2616321,0.0680505,1.7e-06,115.3355713,119.3744736,412.5827332,0.9607403,0.1796211,0.1967596,0.2130059,0.0954692,0.028047,0.0026648,0.0131745,0.0003204,0.0127177,0.0312222,0.0691873,0.1098947
G8110016,0.0532706,52.5729866,0.0036227,0.0006989,4122.820801,0.147587,0.0370928,9.85e-05,114.4617462,85.84375,279.4901428,0.6136214,0.1004388,0.1129661,0.1225098,0.0684792,0.0197487,0.013318,0.0055046,0.0002968,0.0141234,0.0338059,0.0440671,0.0733642
G8140001,0.3388732,1809.866211,0.0345651,0.001464,8977.553711,0.4237418,0.1795457,0,96.981575,112.8442535,0.9720331,1.4102368,0.2230022,0.2205036,0.2813385,0.1834525,0.0328452,0.0040849,0.0311217,0.0027628,0.0262477,0.062944,0.1407842,0.1927522
G8140040,0.2090798,2697.541016,0.0141953,0.0016925,8102.256348,0.3943239,0.1409287,0,101.2724228,117.1831512,103.1956787,1.526708,0.2683399,0.270731,0.3175421,0.1704566,0.0327805,0.0026948,0.0165686,0.0022083,0.0204536,0.0593851,0.1404575,0.2142396
G8140161,0.0148522,0.0326562,0,0,9758.510742,0.4447369,0.1796621,0,90.923027,100.6647415,0,2.2241032,0.3649313,0.3555165,0.4380715,0.2849412,0.0499977,0.0011795,0.0153934,0.012046,0.03603,0.1168097,0.2244455,0.3110886
G8150018,8.0589933,73.421463,0.9945716,0.1399767,11972.20605,0.4979208,0.1937659,0,79.9236832,85.4347382,0,2.2194128,0.3084295,0.2949986,0.3840599,0.3011808,0.0804142,0.0006877,0.0065634,0.0241674,0.0564846,0.1878255,0.2625313,0.3023271
G8170002,0.1415011,168.3283539,0.0032264,0.0032264,9808.116211,0.4574793,0.1966033,0,88.076088,95.0863724,0,2.1386993,0.3466593,0.3344128,0.4111573,0.2959791,0.0590807,0.0023174,0.0128954,0.0136875,0.0445505,0.1154612,0.2039639,0.2854937
G8190001,0.0146106,0.0146106,0,0,10172.87402,0.4654118,0.1591034,0,86.7939529,96.9810562,0,2.0308232,0.3260463,0.3073949,0.3869664,0.2957919,0.0454904,0.0013148,0.0232186,0.0076154,0.0281182,0.1113005,0.2039314,0.2820074
G8200045,0.0057771,0.0146106,0,0,10330.45117,0.4482199,0.1868275,0,92.4340744,105.8506851,0,1.696249,0.2585331,0.2454521,0.3076455,0.2320429,0.0381599,0.0039381,0.0322751,0.0072557,0.0376262,0.1011819,0.1889497,0.2340012
G8210010,0.0090012,0.0104977,0,0,9711.610352,0.4475192,0.2093292,0,93.548851,104.7356262,0,1.1697388,0.1588402,0.1557532,0.2033293,0.1941516,0.0533504,0.0048233,0.0249373,0.0018331,0.0279453,0.0614537,0.1265212,0.1507672
302214,0.3547292,0.7613608,0,0,1961.018066,0.0442079,0.3730877,0.4781458,111.0951157,60.9337311,52.7349205,5.9997826,0.692624,0.4306207,0.5358546,0.4401282,0.3002382,0.2218678,0.2736715,0.4099081,0.5583323,0.6749241,0.684119,0.7829407
304497,0.0535715,0.0795611,0,0,3331.503174,0.0005662,0.097993,0.4554768,328.4065247,142.6330566,82.7315903,3.3972244,0.4719151,0.3940313,0.3691358,0.2471278,0.1446464,0.0520742,0.0881217,0.1406587,0.2210469,0.3601669,0.4331557,0.4662964
304499,1.1428567,144.5603027,0.0076386,0.0076386,2650.919922,0.0120624,0.2238991,0.528782,190.921524,114.5038223,56.201416,4.616353,0.5996851,0.4815006,0.4558958,0.3081701,0.1758145,0.0537058,0.1278423,0.2503984,0.3827773,0.548031,0.6006581,0.6239755
305202,24.7807827,392.2999268,1,0.6662216,1705.256348,0.0134734,0.252468,0.5695099,165.0886383,95.9201889,42.8048096,5.3030186,0.6191943,0.5272726,0.4997887,0.3531447,0.2186929,0.0993099,0.1778633,0.3135201,0.4621582,0.6251824,0.6718646,0.7273521
307473,0.05116,0.1101968,0,0,4326.638672,0.0172991,0.2912708,0.5775215,168.6874237,96.517807,38.8818245,3.4219155,0.5053135,0.4091428,0.3436483,0.213384,0.1111897,0.0338239,0.0644709,0.1556325,0.2490422,0.3685486,0.4466277,0.5114447
308145,0.0288036,0.050962,0,0,5481.775879,0.006628,0.191351,0.5265226,220.1910248,121.1258163,59.6301117,4.5354123,0.6418481,0.5108311,0.4430294,0.2852814,0.1614273,0.0475161,0.1126916,0.2294103,0.3458925,0.5045429,0.5883919,0.6545663
308799,0.0388091,0.050962,0,0,5314.104004,0.0061087,0.1850691,0.5224127,230.0134735,122.5321732,60.8766174,4.4531779,0.63397,0.5060198,0.4363534,0.2802557,0.1590293,0.049181,0.1115344,0.2219279,0.3359284,0.491863,0.5743998,0.6425797
312061,0.0190394,0.0190394,0,0,4952.924805,0.0049925,0.1953749,0.566326,209.7710114,118.8306198,54.3020668,4.4751191,0.5961204,0.485364,0.4510884,0.299095,0.1764739,0.1001242,0.1350713,0.2234503,0.3322374,0.4876133,0.5691149,0.6098353
314207,1.2406694,7.6646161,0.4101855,0,3468.741211,0.0110876,0.2272438,0.5537429,192.8134613,109.5734406,50.7272873,5.7406731,0.7013758,0.5518932,0.545703,0.3902172,0.2388524,0.1517074,0.2006324,0.3316657,0.48594,0.6693141,0.7271754,0.7386532
314213,1.4456857,4.1748915,0.3004272,0,2057.887695,0.0236875,0.3146033,0.5494536,137.8796082,78.8249969,40.2483749,6.3412085,0.6840653,0.5703287,0.5936171,0.4479309,0.2783599,0.1837653,0.2445929,0.3915603,0.5672275,0.7678633,0.8137444,0.7915785
315450,0.0740096,0.5629269,0,0,5030.768066,0.0046665,0.1557478,0.5019302,260.0166931,130.0631409,68.7184601,4.7526374,0.6524014,0.5139149,0.4636561,0.3090408,0.183652,0.0940344,0.1372955,0.2387786,0.3634035,0.5205591,0.6038972,0.6624114
318076,0.644211,0.9570131,0,0,2031.793091,0.0104459,0.1902959,0.4822193,183.3918152,111.5119095,59.2934914,6.9377785,0.7568926,0.5499731,0.6105446,0.5111145,0.3270003,0.218916,0.2856442,0.4616196,0.661953,0.848524,0.8337865,0.8717703
