station_id,elev_min,elev_max,elev_mean,elev_range,mean_slope_pct,upsdist,strdensity,strahler,elongratio,relief,reliefratio,mrvbf_prop_0,mrvbf_prop_1,mrvbf_prop_2,mrvbf_prop_3,mrvbf_prop_4,mrvbf_prop_5,mrvbf_prop_6,mrvbf_prop_7,mrvbf_prop_8,mrvbf_prop_9,confinement
912101A,70,431.7244568,233.2220917,361.7244568,3.06,269.3435974,0.66543,6,0.469806,0.4670957,0.001383,0.3174,0.0249,0.1087,0.2296,0.0737,0.0697,0.0853,0.0628,0.0279,0,0.21
912105A,118,431.7244568,240.4781799,313.7244568,2.74,179.650116,0.6469866,6,0.668421,0.3863132,0.0017347,0.3086,0.0226,0.1078,0.231,0.0724,0.0699,0.0905,0.0664,0.0308,0,1
915011A,739,984.9511108,839.4358521,245.9511108,2.64,40.9566727,0.5945756,4,0.6481152,0.4177395,0.0061019,0.333,0.0182,0.1305,0.2167,0.103,0.1314,0.0671,0,0,0,0.3
917107A,438,986.6960449,628.3557129,548.6960449,3.67,74.6605682,0.4330365,4,0.3494423,0.3659891,0.0075702,0.3324,0.0301,0.1143,0.1898,0.1528,0.1511,0.0296,0,0,0,0.5
919003A,183,1355.225342,460.9828186,1172.225342,13.45,230.6200714,1.0064111,7,0.4310062,0.2427166,0.0051204,0.602,0.0737,0.1225,0.1412,0.0279,0.0238,0.0089,0,0,0,1
919201A,403,1346.674805,711.9296265,943.674805,18.04,53.4948845,1.0204698,5,0.4879226,0.3335184,0.0178032,0.7205,0.1017,0.1199,0.0579,0,0,0,0,0,0,1
919309A,124,1290.396118,442.6983337,1166.396118,9.97,317.3601379,0.9574822,6,0.3310286,0.2770623,0.0036948,0.521,0.056,0.1233,0.1843,0.0388,0.0304,0.0201,0.0259,0,0,0
922101B,185,796.7037964,447.7018127,611.7037964,12.51,33.3177338,1.0561041,4,0.4425848,0.4302716,0.0183859,0.6292,0.102,0.1492,0.1151,0.0042,0.0002,0,0,0,0,1
925001A,47,644.2005615,131.2482147,597.2005615,4.3,177.9368744,0.8560874,6,0.3645473,0.1672361,0.0034617,0.3509,0.0302,0.1155,0.2046,0.0845,0.0807,0.0665,0.0672,0,0,0.1
926002A,40,148.9703674,80.1591492,108.9703674,2.93,36.8639297,0.8139135,4,0.5628656,0.4376353,0.0033192,0.4035,0.0169,0.17,0.3654,0.0304,0.0082,0.0054,0.0002,0,0,0.57
G9030124,211,278.4597168,246.8421783,67.4597168,0.93,44.8419304,0.2018315,3,0.4456428,0.561454,0.0016078,0.1588,0.0061,0.0491,0.0937,0.1143,0.1261,0.3245,0.1083,0.0192,0,0.13
G9030250,12,439.4089966,166.8942566,427.4089966,1.98,475.3310852,0.5755921,6,0.4247288,0.3620144,0.0008986,0.2074,0.0149,0.0711,0.121,0.0817,0.0807,0.0861,0.1156,0.186,0.0355,0.25
G9070142,80,353.9986267,218.984375,273.9986267,2.53,134.9938354,0.531701,6,0.5753745,0.5125828,0.0020519,0.2833,0.0228,0.0941,0.1802,0.1067,0.1198,0.1283,0.0649,0,0,1
A0020101,39,383.6542969,156.2261963,344.6542969,1.15,1027.897461,0.806309,7,0.3686204,0.347652,0.0003392,0.1236,0.0068,0.041,0.0711,0.0584,0.0765,0.1025,0.1348,0.1073,0.2781,0
A0030501,53,849.5159912,223.5884705,796.5159912,1.26,1610.990723,0.6468762,6,0.3304683,0.2209008,0.0004987,0.1432,0.007,0.0473,0.0833,0.0732,0.0871,0.1168,0.1451,0.1354,0.1616,0.31
G0010005,219,327.9839172,248.5470428,108.9839172,0.34,210.7076263,0.2070574,5,0.4287342,0.2857301,0.0005278,0.0922,0.0029,0.0286,0.0442,0.0553,0.0879,0.1093,0.1803,0.1134,0.2858,0
G0050115,473,1197.466431,657.3721924,724.466431,7.67,152.7087402,0.9380518,6,0.4265132,0.2536597,0.0047388,0.4341,0.0435,0.1022,0.1712,0.1244,0.0792,0.0436,0.0018,0,0,0.47
G0060005,538,1100.835205,738.3480835,562.835205,7.45,48.3395576,0.8893815,4,0.4877329,0.3597755,0.0117127,0.4705,0.0438,0.1381,0.2773,0.0644,0.006,0,0,0,0,1
401009,384,1323.619141,823.9033203,939.619141,15.53,34.0827713,0.9211974,4,0.4899627,0.4790465,0.0281442,0.7433,0.1228,0.0999,0.0314,0.0025,0.0001,0,0,0,0,0.96
401012,315,2181.551025,1063.394898,1866.551025,30.78,108.6792221,0.8517951,4,0.3682685,0.4009586,0.0171751,0.9165,0.0541,0.0255,0.0037,0.0002,0,0,0,0,0,1
401015,200,661.5020142,284.7579651,461.5020142,5.16,24.1937332,0.8001656,4,0.7875257,0.1849744,0.0191061,0.3809,0.0355,0.1114,0.1695,0.1229,0.1641,0.0156,0,0,0,0.4
401203,540,1982.64978,1096.268433,1442.64978,23.99,67.6006851,0.8073984,5,0.6503747,0.3833379,0.0212629,0.8665,0.0814,0.0453,0.0065,0.0003,0,0,0,0,0,1
401208,375,1270.401856,685.069519,895.401856,21.07,28.4073448,0.6960871,4,0.7478715,0.3440076,0.0314104,0.8147,0.0956,0.0766,0.013,0,0,0,0,0,0,1
401210,316,1945.559448,852.7523193,1629.559448,36.03,37.5514221,0.7973154,4,0.6139467,0.3330156,0.0436316,0.9494,0.0326,0.0162,0.0017,0.0001,0,0,0,0,0,1
401212,511,1763.044312,1079.132935,1252.044312,36.61,40.040596,0.8206111,4,0.4468788,0.4605453,0.0316624,0.9434,0.0375,0.0179,0.0012,0,0,0,0,0,0,1
401216,699,1982.64978,1246.400879,1283.64978,31.38,42.8431244,0.8462049,4,0.4984318,0.4332277,0.0303204,0.9248,0.0488,0.0232,0.0032,0,0,0,0,0,0,1
401217,495,1751.173462,1030.36145,1256.173462,33.55,44.2228851,0.7683907,4,0.5042595,0.4263349,0.028413,0.9278,0.0412,0.024,0.0064,0.0005,0,0,0,0,0,1
402204,217,1161.637085,502.9161987,944.637085,16.85,30.3745918,0.8483083,4,0.6298451,0.3087762,0.0313742,0.734,0.0992,0.1285,0.0378,0.0004,0,0,0,0,0,0.75
402206,246,1188.711182,631.3733521,942.711182,32.45,23.4003086,0.7330733,3,0.5462146,0.4079921,0.0402318,0.9164,0.0438,0.0313,0.0085,0,0,0,0,0,0,1
402213,227,1161.637085,483.8390503,934.637085,17.62,22.6247005,0.8870165,3,0.5563812,0.2758765,0.0413718,0.7314,0.0909,0.1359,0.0413,0.0005,0,0,0,0,0,0.6
402217,315,1161.637085,542.7843628,846.637085,18.89,10.3832865,1.0417798,3,0.5629544,0.2789904,0.082663,0.7683,0.1003,0.1154,0.016,0,0,0,0,0,0,0.95
403209A,143,1904.80835,559.770752,1761.80835,25.61,150.8087006,0.8100151,6,0.5570874,0.2339486,0.0116426,0.7504,0.0503,0.0617,0.037,0.0253,0.0221,0.0392,0.0141,0,0,0
403213A,197,1029.925415,548.4537354,832.925415,19.32,43.0873032,0.6807401,4,0.3986649,0.4256034,0.019454,0.7708,0.0953,0.0856,0.036,0.0123,0,0,0,0,0,0.87
403214,257,1168.910767,486.2961731,911.910767,20.21,21.6084175,0.7490274,3,0.6132557,0.2605755,0.0427227,0.7481,0.0771,0.1095,0.0589,0.0063,0,0,0,0,0,1
403217,345,1554.187744,656.729187,1209.187744,30.66,36.763485,0.8392147,4,0.4131922,0.2774695,0.0337864,0.8885,0.0586,0.0441,0.0088,0,0,0,0,0,0,1
403221,233,899.6567383,454.1972961,666.6567383,10.88,27.7658672,0.9006817,3,0.5854121,0.3447794,0.0244855,0.628,0.1048,0.1708,0.0952,0.0011,0,0,0,0,0,1
403222,345,1578.631348,765.1953735,1233.631348,40.1,36.8047066,0.8499482,4,0.6280345,0.3491113,0.0339557,0.955,0.026,0.0164,0.0026,0,0,0,0,0,0,1
403226,186,849.9615479,460.1502991,663.9615479,18.03,31.8098087,0.7302882,3,0.3705233,0.417269,0.0210293,0.7521,0.0949,0.1013,0.0404,0.0093,0.002,0,0,0,0,0.6
403232,335,1253.068726,714.5800781,918.068726,41.89,23.6891975,0.7753112,4,0.5433216,0.4362389,0.040321,0.9539,0.0208,0.0161,0.0092,0,0,0,0,0,0,1
404207,188,1132.102295,481.7266541,944.102295,15.4,60.0532684,0.7086967,4,0.4008473,0.324721,0.0160378,0.6791,0.0845,0.1009,0.0521,0.03,0.0455,0.0078,0,0,0,0.05
405205,324,1010.461914,669.651123,686.461914,22.35,30.0206203,0.8432883,3,0.3914189,0.5175095,0.0235291,0.8578,0.0851,0.0515,0.0056,0,0,0,0,0,0,1
405209,203,1450.618164,604.5598755,1247.618164,21.71,51.9175339,1.0276332,5,0.5452506,0.3204848,0.0239821,0.7996,0.0821,0.0742,0.0342,0.0099,0,0,0,0,0,1
405215,314,1759.334961,854.1045532,1445.334961,41.03,52.8890228,0.8773918,4,0.4133953,0.3744276,0.02736,0.9658,0.0236,0.0104,0.0002,0,0,0,0,0,0,1
405217,213,952.0526123,452.5422668,739.0526123,16.25,35.8353119,0.7368135,4,0.5980116,0.323513,0.0206051,0.7492,0.1078,0.0963,0.0442,0.0024,0,0,0,0,0,1
405218,319,1724.39563,880.4689331,1405.39563,41.25,56.9680481,0.9007107,4,0.3783096,0.4039844,0.0248551,0.972,0.0195,0.0083,0.0002,0,0,0,0,0,0,1
405219,302,1570.082398,785.3849487,1268.082398,38.89,62.5598869,0.8778589,4,0.4771368,0.3829511,0.0203276,0.9696,0.0209,0.0092,0.0004,0,0,0,0,0,0,1
405226,123,534.4170532,204.0016174,411.4170532,4.05,57.3416824,0.857415,4,0.538784,0.213028,0.007322,0.2881,0.0349,0.0848,0.0762,0.0674,0.1043,0.141,0.2033,0,0,0
405227,297,1450.639893,748.6760864,1153.639893,33.75,58.1626167,0.9030735,5,0.4880038,0.3911958,0.0198241,0.9259,0.0447,0.0264,0.0031,0,0,0,0,0,0,1
405238,254,772.5496826,449.1931458,518.5496826,9.06,30.7124805,0.890491,3,0.4730178,0.3944947,0.017388,0.6143,0.1345,0.1955,0.0547,0.0009,0,0,0,0,0,1
405245,300,737.8383179,405.2695007,437.8383179,7.28,20.5426388,1.139389,4,0.590246,0.2278139,0.0209654,0.4936,0.062,0.1538,0.2043,0.0749,0.01,0.0014,0,0,0,0.28
405248,145,569.8873901,226.5449677,424.8873901,5.35,30.5336246,1.0841141,4,0.6270845,0.1966894,0.013998,0.4404,0.0438,0.1892,0.2092,0.0625,0.0412,0.0137,0,0,0,0
405251,320,956.8057861,544.7337646,636.8057861,15.65,19.4726467,0.6916559,4,0.6419513,0.359298,0.0330287,0.7415,0.1208,0.1044,0.0328,0.0006,0,0,0,0,0,1
405263,417,1454.289429,868.4549561,1037.289429,37.41,35.3457947,0.8509982,4,0.5787534,0.4416288,0.0296834,0.9674,0.0234,0.0089,0.0002,0,0,0,0,0,0,1
405264,462,1434.849121,822.3471069,972.849121,31.7,32.6202354,0.8493441,4,0.6341716,0.3793234,0.0302521,0.9139,0.0505,0.0312,0.0044,0,0,0,0,0,0,1
405274,190,661.4904785,353.6557922,471.4904785,13.82,22.4390984,1.0092497,4,0.6868822,0.331018,0.0205068,0.6648,0.1033,0.1389,0.0893,0.0038,0,0,0,0,0,0.5
406208,617,749.9716187,671.0058594,132.9716187,4.39,12.6309462,0.7786978,3,0.5811589,0.5400119,0.0135912,0.4611,0.0395,0.2326,0.2418,0.0249,0,0,0,0,0,1
406213,215,999.9790649,510.2055359,784.9790649,6.34,75.607605,0.8634104,5,0.3769714,0.3777719,0.0104107,0.5007,0.0709,0.1832,0.1737,0.0411,0.0271,0.0033,0,0,0,1
406214,174,704.9907227,276.5566101,530.9907227,6.06,30.2387333,0.9681264,5,0.5742098,0.2025082,0.0177662,0.4739,0.0603,0.1819,0.19,0.0521,0.0367,0.0051,0,0,0,0.4
406224,143,386.128418,188.6967163,243.128418,2.83,38.5328903,0.8787059,4,0.4626249,0.2378861,0.006723,0.3232,0.016,0.1155,0.2405,0.0827,0.1215,0.1003,0.0003,0,0,0.11
407214,308,730.8079224,456.7790222,422.8079224,4.99,41.4875412,0.7798271,4,0.4740728,0.3712927,0.0105058,0.4581,0.0552,0.1712,0.1989,0.0759,0.0402,0.0005,0,0,0,0.65
407215,215,852.5147705,416.1818237,637.5147705,7.46,61.2682076,0.740053,5,0.5905717,0.3218455,0.0105016,0.5465,0.1037,0.196,0.1187,0.0234,0.0115,0.0001,0,0,0,0.45
407220,198,615.7205811,311.733551,417.7205811,4.61,56.7034225,0.7148162,4,0.3783022,0.2770548,0.0074155,0.439,0.0396,0.18,0.2292,0.0633,0.0327,0.0161,0,0,0,0.1
407230,240,699.9320679,399.4685669,459.9320679,6.42,35.6617699,0.6873347,3,0.3964255,0.3512285,0.0129866,0.5305,0.0786,0.1966,0.1522,0.0312,0.0109,0,0,0,0,0.44
407253,124,439.2096558,176.6784515,315.2096558,1.92,81.980957,0.8339636,4,0.3547471,0.1922291,0.0039644,0.2398,0.0091,0.0857,0.1763,0.0775,0.0961,0.1307,0.1849,0,0,0.09
408200,152,783.6311646,253.0708923,631.6311646,4.82,132.4187317,0.877921,5,0.44199,0.1759693,0.0048623,0.3751,0.0263,0.13,0.1957,0.0813,0.0876,0.069,0.035,0,0,0.27
408202,275,783.6311646,398.3177185,508.6311646,11.74,17.08288,0.8005283,3,0.6000316,0.2438396,0.029829,0.6188,0.0747,0.1585,0.1201,0.0262,0.0017,0,0,0,0,0.73
410057,302,1716.206299,941.0384521,1414.206299,24.44,49.5695457,0.8918395,5,0.5882797,0.453208,0.0285995,0.8634,0.0839,0.0482,0.0045,0,0,0,0,0,0,1
410061,357,999.6032104,639.1488647,642.6032104,16.83,30.9639988,0.8670747,3,0.4429364,0.4477465,0.0210792,0.7916,0.1241,0.0744,0.0099,0,0,0,0,0,0,1
410705,694,1301.891602,861.522644,607.891602,11.19,56.2527084,0.6720167,5,0.4540449,0.3122244,0.0113822,0.624,0.1123,0.1365,0.0631,0.0386,0.0254,0,0,0,0,1
410730,968,1912.226318,1351.368774,944.226318,27.45,20.9050941,0.7550403,3,0.615256,0.3971281,0.0445016,0.9035,0.0566,0.0345,0.0054,0,0,0,0,0,0,1
410731,622,1738.844116,1137.093872,1116.844116,25.2,57.8181343,0.6454763,4,0.5064737,0.4672579,0.019536,0.8652,0.0667,0.0498,0.0181,0.0001,0,0,0,0,0,1
410734,787,1554.879395,1087.263672,767.879395,15.3,54.7828941,0.6272095,3,0.4892146,0.3947022,0.0141018,0.7438,0.1171,0.1139,0.0252,0.0001,0,0,0,0,0,0.57
410761,588,1869.716675,1034.091065,1281.716675,13.71,229.5736237,0.7245563,6,0.352998,0.3508931,0.0056076,0.6872,0.1081,0.1328,0.0612,0.0098,0.0009,0,0,0,0,1
412028,430,1317.16333,868.6021729,887.16333,13.71,123.66745,0.9127052,6,0.4681575,0.5003884,0.00726,0.6884,0.1101,0.1409,0.0546,0.0032,0.0027,0,0,0,0,1
412050,464,1039.977417,813.9497681,575.977417,8.11,67.7757187,0.761334,5,0.4595943,0.6047434,0.0084374,0.572,0.1125,0.1949,0.106,0.0123,0.0023,0,0,0,0,0.81
412066,551,1317.16333,895.7562866,766.16333,13,74.726532,0.9068342,6,0.609741,0.4531339,0.0103121,0.6747,0.1044,0.1453,0.0662,0.005,0.0044,0,0,0,0,1
415207,273,948.7115479,447.6877136,675.7115479,15.87,29.4543018,0.6845419,4,0.668815,0.2854493,0.0238055,0.7157,0.0819,0.1086,0.0772,0.015,0.0015,0,0,0,0,1
415226,161,295.4124451,194.2033539,134.4124451,1.62,32.1810913,1.0037875,3,0.3970283,0.288938,0.0044229,0.2592,0.0073,0.0988,0.1657,0.1065,0.1346,0.2255,0.0023,0,0,0.32
415237,205,520.7132568,264.9304504,315.7132568,4.95,35.9018059,0.9470778,4,0.4953866,0.1984714,0.0088887,0.4376,0.0407,0.1946,0.2163,0.0479,0.0559,0.007,0,0,0,0.06
416003,667,1324.881226,888.0122681,657.881226,11.6,73.6875381,0.8977472,4,0.3623763,0.3812705,0.009582,0.6123,0.0737,0.1742,0.1342,0.0051,0.0005,0,0,0,0,0.98
416008,340,1217.462891,806.0716553,877.462891,12.63,85.2064438,0.8336205,4,0.4002766,0.5276327,0.0102212,0.6345,0.0858,0.15,0.1119,0.0142,0.0037,0,0,0,0,1
418005,763,1184.950806,860.0620117,421.950806,6.61,43.3718948,0.628428,4,0.4118747,0.2622637,0.0101537,0.5158,0.0726,0.1958,0.1982,0.0165,0.0011,0,0,0,0,0.9
418014,749,1409.092529,1030.480469,660.092529,8.4,64.4321289,0.8742808,5,0.5061731,0.4321767,0.0103485,0.5707,0.0908,0.1961,0.1311,0.0102,0.0011,0,0,0,0,0.88
419005,378,1461.414795,921.3580933,1083.414795,12.11,223.4780121,0.9035577,5,0.2545414,0.5052,0.004884,0.6388,0.1035,0.1771,0.077,0.0036,0,0,0,0,0,0.97
422202B,291,476.5356445,348.8753967,185.5356445,1.86,107.6105118,0.5789661,6,0.5637684,0.3197424,0.0017439,0.2417,0.009,0.0879,0.1854,0.0874,0.1007,0.1253,0.0838,0.0786,0,0
422306A,540,1248.925293,758.8920288,708.925293,27.44,20.0039558,0.6897065,3,0.5202746,0.3262381,0.0363583,0.8631,0.0689,0.0461,0.0214,0.0005,0,0,0,0,0,1
422313B,503,1380.436401,757.0748901,877.436401,28.05,33.7442207,0.6817579,3,0.4265551,0.3030237,0.0265047,0.8443,0.0558,0.0485,0.0347,0.0167,0,0,0,0,0,0.8
422319B,476,1070.622192,643.8112793,594.622192,17.08,46.5423737,0.923304,4,0.3845541,0.3021137,0.0131402,0.6704,0.0686,0.1191,0.0798,0.0521,0.01,0,0,0,0,0.65
422321B,562,1076.135742,852.8706665,514.135742,19.83,12.7833929,0.7370826,2,0.5072291,0.5761181,0.0412031,0.8265,0.1047,0.0631,0.0057,0,0,0,0,0,0,1
422334A,424,975.0787964,544.5761719,551.0787964,8.16,57.0637398,0.74019,4,0.4506961,0.2126041,0.0095813,0.4681,0.0492,0.1356,0.1337,0.0882,0.0992,0.026,0,0,0,0.17
422394A,476,1337.580078,652.8101807,861.580078,14.94,52.5449562,0.88626,4,0.3904369,0.2033536,0.0163587,0.6562,0.0811,0.1284,0.0873,0.0356,0.0112,0.0003,0,0,0,0.27
424002,120,409.9330139,215.1641083,289.9330139,1.19,501.7458801,0.5030375,6,0.3401438,0.3445905,0.0005923,0.1458,0.0051,0.0488,0.0921,0.0732,0.0967,0.1206,0.1055,0.1785,0.1339,0
424201A,145,409.9330139,224.6870117,264.9330139,1.27,392.9855042,0.5176715,6,0.4135568,0.3218188,0.0006951,0.1581,0.0053,0.0528,0.1011,0.0784,0.1071,0.1303,0.1313,0.1921,0.0434,0.14
102101A,70,662.5751343,227.6283417,592.5751343,9.8,52.3643723,1.011197,4,0.5500286,0.2934358,0.0117557,0.53,0.0655,0.1309,0.1791,0.037,0.0383,0.0194,0,0,0,0.94
104001A,60,730.8563843,243.4502716,670.8563843,8.63,59.9369469,1.0223776,4,0.4093626,0.28503,0.0113739,0.5304,0.0731,0.1507,0.2266,0.0165,0.0027,0,0,0,0,0.52
105101A,83,1202.70044,278.2432861,1119.70044,16.25,146.6454926,0.9691585,5,0.370218,0.1846609,0.0077318,0.6501,0.076,0.1068,0.1057,0.0317,0.0232,0.0066,0,0,0,1
105102A,86,710.1890259,253.2543945,624.1890259,14.47,75.556839,0.9689639,5,0.5427333,0.2637357,0.0082138,0.6115,0.0599,0.1094,0.1417,0.0391,0.0344,0.004,0,0,0,1
105105A,152,936.5404663,337.1949158,784.5404663,21.54,51.1596336,0.9421514,4,0.3832088,0.2513477,0.0156484,0.733,0.0627,0.0695,0.088,0.0257,0.021,0.0001,0,0,0,0.81
107001B,29,488.7712402,179.3875275,459.7712402,13.28,35.1955032,0.9846603,4,0.5907928,0.3252472,0.0130276,0.6326,0.0916,0.1548,0.1122,0.0075,0.0013,0,0,0,0,0.5
108002A,24,1360.704712,458.9734192,1336.704712,21.96,91.1524506,1.0253593,5,0.3744674,0.3256859,0.0146706,0.7848,0.1044,0.0826,0.028,0.0001,0,0,0,0,0,1
108003A,150,1243.660156,400.1447449,1093.660156,17.82,31.7886257,0.9909356,4,0.5781103,0.235713,0.0347188,0.692,0.077,0.108,0.1157,0.0071,0.0004,0,0,0,0,1
112002A,72,338.3979187,172.8588867,266.3979187,10.25,15.2351446,1.0342683,2,0.3058485,0.4023502,0.0181806,0.6079,0.1335,0.2041,0.0545,0,0,0,0,0,0,1
112102A,40,882.8218994,301.7047424,842.8218994,30.24,15.5884457,0.922744,3,0.6404506,0.3144951,0.0543814,0.8563,0.0643,0.0464,0.0286,0.0044,0,0,0,0,0,1
113004A,167,1166.930542,682.3875122,999.930542,24.39,20.7974758,1.137627,3,0.5327497,0.5339341,0.049989,0.8189,0.1017,0.0673,0.0121,0,0,0,0,0,0,1
116006B,22,1379.570435,660.2351074,1357.570435,9.8,284.5332336,0.860018,6,0.3437095,0.4712728,0.0047815,0.5269,0.0669,0.1427,0.1531,0.0378,0.0381,0.0291,0.0052,0,0,0.72
116010A,550,1028.451904,673.9978638,478.451904,13.99,33.5751953,1.0013022,4,0.5044311,0.2713077,0.0144876,0.6708,0.1091,0.1364,0.0814,0.0023,0.0001,0,0,0,0,1
116011A,901,1248.252075,1023.48053,347.252075,10.59,23.8996811,0.9886869,3,0.4517418,0.4213327,0.0162525,0.6137,0.1193,0.1664,0.0991,0.0014,0,0,0,0,0,1
116012A,591,1007.289612,698.4214478,416.289612,10.08,53.5409508,0.8288844,4,0.4046903,0.273173,0.007937,0.6032,0.1094,0.1617,0.1109,0.012,0.0028,0,0,0,0,0.82
116013A,650,1379.570435,911.2263184,729.570435,11.81,48.8621864,0.974096,4,0.411526,0.3705571,0.0152278,0.6362,0.107,0.1525,0.0908,0.0107,0.003,0,0,0,0,1
116014A,644,1234.453735,891.5519409,590.453735,13.65,56.1756325,0.9969575,5,0.4882565,0.4266817,0.010647,0.6595,0.097,0.1497,0.0841,0.0086,0.0011,0,0,0,0,0.75
116015A,668,1058.915649,771.6380615,390.915649,12.71,30.2103806,0.9890575,3,0.4224783,0.2769469,0.0131515,0.6585,0.121,0.139,0.0801,0.0014,0,0,0,0,0,1
121001A,81,797.5258179,268.2931519,716.5258179,13.15,46.3854141,0.8525319,4,0.5965962,0.2638552,0.0154989,0.5933,0.0707,0.1421,0.1701,0.0212,0.0026,0,0,0,0,0.84
122004A,29,740.9733887,245.4819183,711.9733887,29.43,11.9732122,0.8008513,3,0.637135,0.3050888,0.059552,0.8207,0.0394,0.0444,0.0307,0.0609,0.004,0,0,0,0,1
126003A,18,540.4606323,180.1323853,522.4606323,21.99,19.6864357,0.9739465,4,0.5374547,0.309658,0.0265135,0.7423,0.0623,0.0804,0.101,0.014,0,0,0,0,0,1
136202D,305,732.7839355,438.6790466,427.7839355,11.48,83.128952,0.7232212,4,0.3512242,0.3393854,0.0053555,0.6419,0.1231,0.1489,0.0795,0.0065,0.0001,0,0,0,0,0.72
136203A,377,1108.824463,584.975769,731.824463,13.97,41.7450676,0.5553731,4,0.4810213,0.2873181,0.0176078,0.6825,0.1111,0.1396,0.0565,0.0081,0.002,0,0,0,0,0.63
136208A,169,638.932251,299.5849915,469.932251,12.12,81.3923645,0.686498,5,0.5207509,0.3018135,0.0059716,0.6216,0.1134,0.1408,0.0851,0.0303,0.0086,0.0001,0,0,0,0.95
137101A,47,658.6777344,123.7148361,611.6777344,5.32,77.8519211,0.8891844,4,0.3090959,0.1355439,0.007949,0.4473,0.0424,0.1665,0.3147,0.0188,0.0065,0.0038,0,0,0,0.37
137201A,19,340.4396362,81.249939,321.4396362,5.39,45.0760574,0.7521214,4,0.5417154,0.2012477,0.0071988,0.4651,0.0601,0.1853,0.2714,0.0122,0.0036,0.0023,0,0,0,0.29
138004B,46,727.2301636,187.2258606,681.2301636,12.88,97.9977112,0.9410785,5,0.3976964,0.2218112,0.007081,0.6086,0.0743,0.1499,0.1505,0.0098,0.0049,0.0021,0,0,0,1
138009A,63,381.1811829,148.3703918,318.1811829,14.96,24.7797832,0.8243865,3,0.4608453,0.2509403,0.0125426,0.6633,0.0961,0.121,0.0966,0.0198,0.0031,0,0,0,0,0.61
138010A,117,702.7022095,290.9729309,585.7022095,13.32,37.3987579,0.7099116,4,0.5681629,0.3006661,0.0157424,0.6293,0.0974,0.1396,0.0918,0.0313,0.0106,0,0,0,0,0.81
138113A,82,678.1188965,299.0943604,596.1188965,21.98,45.6790085,0.7769684,3,0.331057,0.3675157,0.013119,0.7907,0.085,0.0839,0.0384,0.002,0,0,0,0,0,1
143009A,89,979.5814819,388.0463867,890.5814819,14.97,153.8766785,0.6910314,5,0.4568041,0.3378399,0.0058056,0.6924,0.1131,0.1304,0.0574,0.006,0.0008,0,0,0,0,1
143110A,79,879.8816528,206.5794678,800.8816528,13.28,27.3041248,1.0515789,3,0.4759038,0.1712745,0.0297558,0.5726,0.0743,0.1285,0.1107,0.07,0.044,0,0,0,0,0.75
143303A,135,542.2855835,223.1925049,407.2855835,13.55,26.5919571,0.7906488,3,0.4551719,0.2907726,0.0169193,0.6499,0.0865,0.1074,0.1273,0.015,0.014,0,0,0,0,1
145010A,99,1001.968567,445.1916809,902.968567,29.73,37.2936859,0.8142431,3,0.3440494,0.3831691,0.0242036,0.8727,0.0595,0.0465,0.0195,0.0018,0,0,0,0,0,1
145011A,168,1326.514893,427.2130432,1158.514893,19.27,19.1214104,0.7779263,3,0.5445681,0.222674,0.0605038,0.7553,0.1029,0.09,0.0438,0.008,0,0,0,0,0,1
145018A,229,1243.466553,535.833313,1014.466553,27.66,20.0381088,0.8916323,3,0.5163749,0.3026805,0.050643,0.8643,0.0751,0.0463,0.0141,0.0002,0,0,0,0,0,1
145101D,89,1136.491699,372.7765503,1047.491699,26.71,41.7045326,0.8687742,3,0.3496303,0.2781896,0.0253703,0.7916,0.0626,0.068,0.0387,0.0351,0.004,0,0,0,0,0.81
145107A,79,1158.84729,447.0945435,1079.84729,31.27,41.3574028,0.7948771,2,0.2775474,0.3416356,0.0261402,0.8964,0.045,0.0311,0.0271,0.0004,0,0,0,0,0,1
146010A,87,1119.247437,360.5851135,1032.247437,27.4,39.372551,0.7946126,3,0.2877038,0.2605213,0.0260573,0.854,0.0608,0.0529,0.0302,0.0021,0,0,0,0,0,1
146012A,17,594.8355713,190.7983704,577.8355713,29.96,17.1259193,0.7237249,2,0.368558,0.3102891,0.0342059,0.8766,0.0551,0.0485,0.0199,0,0,0,0,0,0,1
146014A,505,663.0644531,419.3878784,158.0644531,10.73,16.6528778,0.747775,1,0.3206326,0.5333982,0.0313601,0.638,0.1684,0.1614,0.0321,0,0,0,0,0,0,1
146095A,7,923.9398193,218.6522217,916.9398193,31.55,19.7192993,0.7862653,3,0.4316557,0.2283713,0.0463518,0.8817,0.0579,0.0464,0.0133,0.0007,0,0,0,0,0,1
A5030502,211,497.2729492,342.1468811,286.2729492,15.34,11.4998846,1.004279,2,0.5335589,0.479466,0.0259145,0.7601,0.1393,0.0935,0.007,0,0,0,0,0,0,1
A5040517,278,724.7574463,443.1221924,446.7574463,25.51,6.6174541,0.6780372,1,0.5157964,0.4534589,0.0778706,0.9225,0.0596,0.0179,0,0,0,0,0,0,0,1
A5040523,171,599.9151611,433.2444763,428.9151611,27.55,15.9120064,0.8880365,3,0.4916159,0.5920161,0.0256739,0.8747,0.0745,0.0477,0.0031,0,0,0,0,0,0,1
A5050517,300,577.7806396,406.4744873,277.7806396,6.35,26.7514763,0.9161258,4,0.4646366,0.3935869,0.0105598,0.5215,0.0892,0.2263,0.1575,0.0056,0,0,0,0,0,0.96
A5130501,48,308.3225708,167.1338959,260.3225708,4.66,35.1099243,0.6178971,4,0.4516653,0.4702784,0.0075914,0.4932,0.0569,0.2205,0.2134,0.0119,0.0042,0,0,0,0,0.87
204034,323,1339.990479,944.3904419,1016.990479,22.28,69.0771255,0.9021749,4,0.3269275,0.6121513,0.0147659,0.7594,0.0927,0.1057,0.0402,0.002,0,0,0,0,0,1
206014,962,1471.593506,1168.020386,509.593506,9.45,60.5397873,0.9095079,5,0.3648948,0.5030224,0.0100899,0.6079,0.1165,0.1754,0.09,0.0103,0,0,0,0,0,1
206018,1006,1329.939819,1127.338013,323.939819,6.45,69.312561,0.8726988,5,0.4753524,0.3709909,0.004647,0.5168,0.0784,0.1944,0.192,0.017,0.0015,0,0,0,0,1
208007,850,1435.918579,1015.883179,585.918579,13.07,29.8688622,0.8800808,4,0.5619352,0.2997539,0.0200824,0.6943,0.1285,0.1199,0.0538,0.0035,0,0,0,0,0,0.62
208009,596,1409.88855,1009.046021,813.88855,27,23.1726952,0.9046625,4,0.600655,0.5072706,0.0351066,0.8961,0.066,0.0349,0.003,0,0,0,0,0,0,1
210006,219,1239.780273,513.6638794,1020.780273,15.65,123.5328369,0.8759014,6,0.5330596,0.2828387,0.0081961,0.6831,0.0894,0.1409,0.0771,0.0096,0,0,0,0,0,1
210011,93,1507.483276,357.6911011,1414.483276,23.27,49.7477455,0.7690098,3,0.3230197,0.1945284,0.0286943,0.7996,0.0793,0.0792,0.0416,0.0003,0,0,0,0,0,1
211008,7,483.9671326,60.5274048,476.9671326,9.06,17.4400063,0.943015,3,0.523781,0.1120684,0.0273442,0.5336,0.0698,0.1808,0.1931,0.0135,0.0093,0,0,0,0,0.05
212209,568,822.5800781,673.4839478,254.5800781,9.44,19.8850212,0.6481268,3,0.4658112,0.479896,0.0144162,0.6198,0.1143,0.1606,0.0952,0.0092,0.0008,0,0,0,0,1
212260,188,1348.438477,901.9730225,1160.438477,29.47,78.9047852,0.8263631,4,0.3818893,0.6240455,0.0150504,0.8347,0.0637,0.0755,0.0254,0.0007,0,0,0,0,0,1
215002,591,1444.045654,829.6049194,853.045654,12.36,105.5090332,0.7402543,5,0.3988904,0.2962722,0.0082753,0.6422,0.0852,0.1408,0.0978,0.0262,0.0076,0.0002,0,0,0,0.94
215004,550,914.8831177,640.2550049,364.8831177,10.73,30.3196697,0.7574472,3,0.4818192,0.3295333,0.0135096,0.634,0.1143,0.1746,0.0743,0.0026,0.0002,0,0,0,0,1
215207,72,1444.045654,693.8674316,1372.045654,11.58,251.8942261,0.7420399,5,0.305791,0.4545811,0.0054603,0.6126,0.0882,0.1634,0.1147,0.0171,0.0036,0.0003,0,0,0,1
216002,21,1130.099731,315.3132019,1109.099731,28.13,58.9063148,0.8058134,5,0.5618873,0.2668908,0.0188675,0.8547,0.071,0.0577,0.0162,0.0003,0.0001,0,0,0,0,0.84
216004,15,305.9508667,102.4272385,290.9508667,5.27,24.7533875,0.9110693,3,0.4634257,0.3087655,0.0118947,0.5131,0.0594,0.2581,0.1557,0.012,0.0016,0,0,0,0,0.51
218001,938,1303.053955,1052.688599,365.053955,12.12,22.3789482,0.7938196,4,0.4837165,0.3232493,0.0165313,0.6584,0.0933,0.1337,0.0975,0.0158,0.0013,0,0,0,0,0.98
219001,835,1241.862427,1034.875,406.862427,15.68,7.3409114,0.7017229,2,0.5875587,0.5192593,0.058652,0.766,0.1194,0.0977,0.0168,0,0,0,0,0,0,1
221207,152,1201.314697,693.3070679,1049.314697,29.44,26.4350967,0.9762249,4,0.538443,0.5198951,0.040027,0.8907,0.0654,0.0399,0.0039,0,0,0,0,0,0,1
221210,71,1091.013672,480.4022217,1020.013672,18.16,80.3587112,0.9197267,4,0.4081686,0.3988818,0.0126407,0.7725,0.1097,0.0937,0.0235,0.0006,0,0,0,0,0,1
222206,87,1800.700562,891.3251953,1713.700562,28.61,108.6425934,0.8029872,4,0.3031373,0.4738643,0.0159091,0.9066,0.0598,0.0303,0.0032,0.0001,0,0,0,0,0,1
222213,370,1828.116821,1058.820068,1458.116821,25.25,42.9115334,0.8347464,4,0.5032651,0.4816416,0.0345852,0.882,0.0717,0.041,0.0052,0.0001,0,0,0,0,0,1
223202,284,1558.501953,814.3756714,1274.501953,28.87,63.1592751,0.8099192,5,0.5361736,0.4144209,0.0201198,0.8799,0.0657,0.0432,0.0093,0.0019,0,0,0,0,0,1
224206,249,1669.661377,913.805603,1420.661377,38.7,76.6833038,0.8549826,6,0.4878426,0.4724169,0.018683,0.9338,0.0354,0.0232,0.0075,0.0002,0,0,0,0,0,1
224213A,187,1859.023315,921.7852783,1672.023315,39.02,91.2458801,0.7692494,4,0.3202657,0.4436561,0.0184626,0.9375,0.0352,0.0231,0.0039,0.0004,0,0,0,0,0,1
224214A,176,1460.208862,683.1629028,1284.208862,35.39,53.458374,0.8044876,4,0.4464037,0.4105182,0.0246582,0.9457,0.0369,0.0168,0.0006,0,0,0,0,0,0,1
225020A,855,1496.966797,1111.87439,641.966797,24.33,7.375627,0.6541563,2,0.5457268,0.6218283,0.1380629,0.9015,0.0682,0.029,0.0013,0,0,0,0,0,0,1
225110A,474,1319.511597,820.8810425,845.511597,38.2,21.4637871,1.0103784,4,0.6039244,0.4163085,0.0398006,0.9698,0.0212,0.009,0,0,0,0,0,0,0,1
225219,299,1719.969971,1054.849243,1420.969971,39.64,52.6252518,0.8993495,4,0.5125529,0.5387626,0.027402,0.9331,0.0368,0.0256,0.0044,0,0,0,0,0,0,1
226220,264,1090.383301,536.432373,826.383301,22.21,16.9272995,1.0469208,4,0.6723789,0.3446901,0.0499387,0.8675,0.0844,0.0443,0.0038,0,0,0,0,0,0,1
226222,295,863.4172974,481.6543579,568.4172974,23.91,14.6216078,0.9027735,3,0.6229941,0.3616454,0.0409013,0.8628,0.0755,0.0535,0.0082,0,0,0,0,0,0,1
226407,125,517.3867188,306.4240112,392.3867188,24.38,20.2676868,0.8357741,3,0.6032451,0.499853,0.0208115,0.8685,0.0888,0.0406,0.0021,0,0,0,0,0,0,1
227225A,189,679.6342163,444.9356995,490.6342163,27.17,7.2572522,0.904165,3,0.7150621,0.5215589,0.0675942,0.9221,0.0538,0.0233,0.0009,0,0,0,0,0,0,1
227226,58,420.2118835,208.4264984,362.2118835,20.06,26.9684448,0.7121837,3,0.4863752,0.4272296,0.0137107,0.8265,0.1009,0.0606,0.0108,0.0012,0,0,0,0,0,1
227227,72,479.825531,226.881134,407.825531,21.53,21.2950249,0.832616,4,0.5490202,0.3820733,0.0192225,0.8633,0.0899,0.0419,0.0049,0,0,0,0,0,0,1
229650A,384,948.2294312,628.1233521,564.2294312,28.29,11.0331593,0.9492546,3,0.4989252,0.4210121,0.05011,0.8977,0.0658,0.0353,0.0012,0,0,0,0,0,0,1
229661A,400,1001.691345,709.2897339,601.691345,33.54,12.6407261,0.9289255,3,0.6583665,0.5185074,0.0480417,0.9436,0.0394,0.0165,0.0004,0,0,0,0,0,0,1
230210,471,725.8922729,594.194519,254.8922729,8.03,12.3211679,0.9944418,3,0.5690715,0.4752096,0.0203676,0.5947,0.1365,0.2084,0.0604,0,0,0,0,0,0,1
231213,442,875.9675903,657.3857422,433.9675903,12.76,26.4714279,0.8908388,4,0.5332844,0.5428758,0.0180635,0.7019,0.1449,0.1159,0.0346,0.0018,0.0009,0,0,0,0,1
235205,369,547.4727173,322.3623352,178.4727173,10.43,8.0012388,0.6012215,1,0.5168352,0.5343186,0.0604156,0.6675,0.1728,0.1368,0.0229,0,0,0,0,0,0,1
236213,352,721.2944336,416.2513123,369.2944336,4.34,41.6775436,0.4918622,4,0.5819501,0.1712489,0.0088315,0.3902,0.0445,0.1371,0.1945,0.0699,0.0769,0.0869,0,0,0,0.09
238208,321,1069.685059,493.3245239,748.685059,20.43,10.3569422,1.0201102,2,0.5314826,0.2357801,0.0728189,0.7817,0.0767,0.103,0.0385,0,0,0,0,0,0,1
A2390519,51,195.9464722,120.7745743,141.9464722,1.21,75.3398056,0.2462795,3,0.5093348,0.4739364,0.0018967,0.1849,0.0065,0.0564,0.1057,0.0974,0.1188,0.1661,0.2642,0,0,0.75
A2390523,19,233.5055237,44.6584358,216.5055237,2.54,49.7597542,0.010232,1,0.5393518,0.1827643,0.0046439,0.291,0.0233,0.1102,0.1471,0.075,0.1283,0.1853,0.0398,0,0,0.59
A2390531,70,164.9065552,94.7911758,94.9065552,1.05,70.7180252,0.1126975,2,0.3354834,0.4453017,0.0017874,0.1912,0.0086,0.0564,0.0941,0.1053,0.1767,0.2284,0.1394,0,0,0.51
604053,38,403.2254944,199.6009216,365.2254944,3.57,124.8073502,0.4658,4,0.3815994,0.4489878,0.0029609,0.3897,0.0289,0.1428,0.2219,0.0721,0.0642,0.0477,0.0327,0,0,0.06
606001,109,317.9701538,180.2312012,208.9701538,6.09,62.4024277,0.5232787,4,0.3954574,0.3677705,0.0034912,0.5376,0.0742,0.1949,0.1621,0.0238,0.0059,0.0005,0.001,0,0,0.9
606002,107,329.9317627,176.5264435,222.9317627,7.09,16.0158939,0.5152981,3,0.6064321,0.3020624,0.0137237,0.5876,0.1069,0.1974,0.1081,0,0,0,0,0,0,0.8
606185,61,303.5713196,157.5039825,248.5713196,7.08,51.9360466,0.488096,3,0.4281555,0.485111,0.0054622,0.5676,0.0906,0.1826,0.1502,0.0063,0.0019,0.0008,0,0,0,0.7
607155,30,160.2518616,86.5725098,130.2518616,5.91,20.759552,0.640305,3,0.5849654,0.4755817,0.0067678,0.5127,0.0805,0.1805,0.1904,0.0187,0.0141,0.0032,0,0,0,0.96
608002,73,242.2803345,154.0228577,169.2803345,8.72,18.4976444,0.5000567,2,0.4421123,0.5934302,0.0117355,0.6197,0.1415,0.1834,0.0553,0,0,0,0,0,0,1
610008,148,189.9934998,167.6005707,41.9934998,2.48,11.2018719,0.6057146,1,0.4166601,0.570712,0.0046566,0.3568,0.0103,0.1245,0.3207,0.1625,0.025,0,0,0,0,0.72
613002,204,473.3005981,287.995697,269.3005981,7.26,26.9994144,0.5279326,3,0.5113966,0.3934137,0.0113146,0.5836,0.1067,0.2241,0.0856,0,0,0,0,0,0,0.96
613146,67,319.9653625,225.3222504,252.9653625,11.08,11.6105537,0.6561671,2,0.4401311,0.6446339,0.0229382,0.6575,0.1099,0.1811,0.0515,0,0,0,0,0,0,1
614044,179,369.1408081,287.5201721,190.1408081,8.14,21.6107388,0.4200023,3,0.4820476,0.6510324,0.0108229,0.5908,0.0956,0.2166,0.0959,0.0011,0,0,0,0,0,1
616002,147,545.2484131,292.0539246,398.2484131,5.92,43.3024254,0.4195243,4,0.6602429,0.3457513,0.0089372,0.4941,0.0665,0.2141,0.1924,0.0254,0.0072,0,0.0002,0,0,1
616013,192,398.506958,293.7251282,206.506958,5.72,30.5726089,0.4166708,4,0.6591975,0.5005677,0.0068624,0.4907,0.0696,0.2292,0.2011,0.0093,0.0001,0,0,0,0,1
616065,216,570.0908813,326.0071411,354.0908813,7.4,53.9241943,0.3877054,3,0.4856342,0.3160844,0.0066184,0.5494,0.0928,0.2232,0.1318,0.0027,0.0001,0,0,0,0,0.99
803003,162,319.4517517,222.2296448,157.4517517,7.83,15.8784866,1.0379381,3,0.5628332,0.3800989,0.0098772,0.5137,0.0845,0.168,0.1836,0.0446,0.0055,0,0,0,0,0.75
804001,301,635.3933716,415.4979248,334.3933716,3.61,107.5009689,0.6314783,5,0.4507604,0.3973272,0.0033941,0.3509,0.0308,0.1435,0.1877,0.0773,0.0758,0.0863,0.0477,0,0,1
809310,455,923.9927979,535.4473267,468.9927979,6.32,51.2919273,0.8283502,5,0.5176886,0.2091012,0.0095779,0.4494,0.0507,0.1563,0.218,0.0871,0.0383,0.0002,0,0,0,0.84
G8110004,22,404.9055481,193.9957275,382.9055481,7.24,147.0609436,0.7066703,5,0.3807332,0.4563241,0.0026379,0.4549,0.0528,0.1227,0.185,0.1122,0.0585,0.0135,0.0004,0,0,0.07
G8110016,160,463.2000122,315.2897644,303.2000122,3.07,178.1013641,0.8011069,6,0.4357594,0.5145087,0.0017106,0.3605,0.0232,0.1345,0.2708,0.0965,0.0777,0.0337,0.0031,0,0,0
G8140001,101,478.1693726,280.8457642,377.1693726,3.95,251.903656,0.656248,6,0.4105918,0.4997493,0.0015659,0.3866,0.0312,0.1369,0.2565,0.0852,0.0594,0.0399,0.0041,0.0002,0,0.39
G8140040,9,478.1693726,180.3629761,469.1693726,2.87,585.0134888,0.6465887,7,0.4034188,0.3709082,0.0008092,0.2879,0.02,0.0953,0.1869,0.1021,0.0993,0.0845,0.0547,0.0439,0.0254,1
G8140161,47,277.9995422,114.5911255,230.9995422,4.22,49.0673485,0.7987742,4,0.4731204,0.3230906,0.0049198,0.3079,0.0204,0.0957,0.1586,0.1365,0.1818,0.0991,0,0,0,0
G8150018,15,90.2575226,38.5706978,75.2575226,1.99,20.8054047,0.7785376,3,0.5347736,0.302806,0.0035633,0.2693,0.0105,0.0972,0.203,0.1467,0.1107,0.1626,0,0,0,1
G8170002,51,258.7085876,125.145195,207.7085876,6.23,44.9201088,0.9682984,5,0.6358832,0.3648739,0.0046815,0.4474,0.0565,0.1455,0.2263,0.0748,0.0394,0.0101,0,0,0,0.3
G8190001,25,113.7068329,46.1996536,88.7068329,1.49,36.724884,0.5060809,4,0.4991491,0.3545186,0.0028478,0.2023,0.0072,0.0658,0.1337,0.1102,0.1165,0.1721,0.1922,0,0,0.16
G8200045,68,399.9530334,246.0968781,331.9530334,8.46,64.3878708,0.7133507,5,0.6169353,0.5561811,0.005384,0.5126,0.0638,0.156,0.2133,0.0385,0.0148,0.0003,0.0007,0,0,1
G8210010,32,459.9822083,283.7574158,427.9822083,5.75,97.1532516,0.8010018,5,0.5699877,0.5982981,0.0045155,0.4908,0.0569,0.1796,0.2216,0.0407,0.0095,0.001,0,0,0,1
302214,16,461.6551208,108.0318604,445.6551208,7.45,28.8567467,0.7984421,4,0.592632,0.207452,0.0154621,0.5732,0.0993,0.1915,0.1277,0.0064,0.0019,0,0,0,0,0.8
304497,806,1307.086914,1042.964722,501.086914,9.12,31.7665958,0.8863701,4,0.4749665,0.4977399,0.0165541,0.6248,0.0897,0.1595,0.117,0.0082,0.0008,0,0,0,0,1
304499,182,1364.726807,542.1652832,1182.726807,24.63,30.3857765,0.6763575,3,0.5451089,0.3181168,0.0396998,0.8557,0.0615,0.0547,0.0274,0.0007,0,0,0,0,0,1
305202,63,677.4293213,356.1685486,614.4293213,24.04,10.0217628,0.6956312,2,0.5176733,0.5179707,0.0665028,0.892,0.0633,0.0316,0.0127,0.0005,0,0,0,0,0,1
307473,15,1116.921509,288.4317627,1086.921509,25.62,57.8397293,0.8222989,4,0.5156719,0.2502694,0.0191054,0.7661,0.0463,0.0759,0.0785,0.0207,0.0125,0,0,0,0,1
308145,241,1441.089722,665.6287231,1200.089722,30.6,55.600296,0.7697648,5,0.5648211,0.3634322,0.0219098,0.8806,0.0488,0.0464,0.0226,0.0015,0,0,0,0,0,1
308799,342,1391.009277,686.3233643,1049.009277,29.75,26.1418457,0.7239444,4,0.7221772,0.3451786,0.0411658,0.8798,0.0509,0.048,0.0208,0.0004,0,0,0,0,0,0.96
312061,576,989.5805664,647.2792969,413.5805664,5.26,20.8777409,0.7447674,3,0.546167,0.2185716,0.0209815,0.4468,0.0346,0.1691,0.2299,0.0576,0.0561,0.0059,0,0,0,0.97
314207,50,1347.421265,543.6729126,1297.421265,18.54,75.2327118,0.7270417,4,0.3400098,0.3900886,0.0175165,0.7444,0.0718,0.1036,0.0711,0.0086,0.0005,0,0,0,0,1
314213,26,553.4450684,178.7461548,527.4450684,10.48,46.3339539,0.7674038,4,0.4362053,0.3070051,0.0116695,0.6338,0.1192,0.1616,0.0809,0.0039,0.0006,0,0,0,0,1
315450,244,1558.03772,821.8219604,1314.03772,30.09,37.728157,0.8255357,4,0.5257479,0.4345373,0.0345093,0.8572,0.0561,0.0574,0.0272,0.0016,0.0006,0,0,0,0,1
318076,325,1571.794067,674.4533691,1246.794067,21.01,42.0205536,0.6894805,4,0.5239428,0.2846948,0.0298541,0.8042,0.0716,0.0702,0.041,0.013,0,0,0,0,0,1
