station_id,lc01_extracti,lc03_waterbo,lc04_saltlak,lc05_irrcrop,lc06_irrpast,lc07_irrsuga,lc08_rfcropp,lc09_rfpastu,lc10_rfsugar,lc11_wetlands,lc14_tussclo,lc15_alpineg,lc16_openhum,lc18_opentus,lc19_shrbsca,lc24_shrbden,lc25_shrbope,lc31_forclos,lc32_foropen,lc33_woodope,lc34_woodspa,lc35_urbanar,prop_forested,nvis_grasses_n,nvis_grasses_e,nvis_forests_n,nvis_forests_e,nvis_shrubs_n,nvis_shrubs_e,nvis_woodlands_n,nvis_woodlands_e,nvis_bare_n,nvis_bare_e,nvis_nodata_n,nvis_nodata_e
912101A,0,0,0,8e-05,0,0,0,3e-05,0,0.00015,0.03416,0,0.13584,0.16111,0.23637,0.16403,0.0072,0.00015,0.00772,0.20666,0.04651,0,0.26104,28.0600166,28.0600166,0,0,0,0,71.9396057,71.9396057,0,0,0,0
912105A,0,0,0,0,0,0,0,0,0,2e-05,0.03615,0,0.14695,0.15955,0.24218,0.17369,0.0079,0.00012,0.00528,0.19401,0.03418,0,0.23359,29.5168285,29.5168285,0,0,0,0,70.4830017,70.4830017,0,0,0,0
915011A,0,0,0,0,0,0,0,0,0,0.00065,0.06195,0,0.00025,0.43122,0.04065,0.00288,0.0001,0,0.01009,0.06023,0.39195,0,0.46227,0,0,0,0,0,0,100,100,0,0,0,0
917107A,0.0007,0,0,0,0,0,0,0,0,0.01786,0.16311,0,0,0.08704,0.00138,4e-05,0,0.00213,0.08748,0.00314,0.63708,0,0.72983,6.7225671,6.7225671,0,0,0,0,93.2775345,93.2775345,0,0,0,0
919003A,0.0002,0.00301,0,0.00314,0.00056,0.0006,0,0.00501,0.0005,0.00923,0.18367,0,1e-05,0.06085,0.00132,1e-05,0,0.06796,0.15731,0.00144,0.5051,0,0.73181,0.4772463,0.0007163,7.7133389,7.5909233,0,0,91.8095169,91.0238953,0,0,0,0.0009539
919201A,0,0,0,0,0,0,0,0,0,0.00881,0.01047,0,0,0.00022,3e-05,0,0,0.0776,0.53212,0,0.3707,0,0.98042,0.0901212,0,21.5836563,21.5836563,0,0,78.3263626,78.3194275,0,0,0,0
919309A,0.0005,5e-05,0,0.00932,0.00061,0.0009,0.00033,0.00251,0,0.01096,0.17995,0,0,0.02699,0.00081,0,0,0.00798,0.20823,0.00661,0.54406,0.0001,0.76688,0.1227788,0,2.3937175,2.3937175,0,0,97.4835434,97.4805679,0,0,0,0
922101B,0,0,0,0,0,0,0,0,0,0.00595,0.00789,0,0,0,0,0,0,0.61738,0.36693,0,0.00185,0,0.98616,0,0,54.1362534,54.1362534,0,0,45.8637543,44.1839714,0,0,0,0
925001A,0,0,0,0,0,0,0,0,0,0.00823,0.09114,0,0,0,2e-05,0,0,0.40799,0.47542,0,0.01717,0,0.90058,0.4032503,0.4032503,6.6263595,6.6189499,2.6926942,2.6898401,90.277626,90.0656357,0,0,0,0
926002A,0,0,0,0,0,0,0,0,0,0.00085,0.01148,0,0.00026,9e-05,0.00034,0.00015,2e-05,0.54091,0.43887,5e-05,0.00695,0,0.98678,0.726843,0.726843,3.8980973,3.8980973,5.871449,5.871449,89.503685,86.7908707,0,0,0,0
G9030124,0,0,0,0,0,0,0,0,0,0,0.00308,0,7e-05,0.19048,0.03495,0.00525,0,0,0.00085,0.18015,0.58517,0,0.76617,0,0,0,0,0,0,100,100,0,0,0,0
G9030250,0,0,0,0,0,0,0,0,0,0.00028,0.11949,0,0.00065,0.10635,0.00933,0.00038,0,0.00034,0.11972,0.01808,0.62532,0,0.76346,0.0190321,0,0.0115966,0.0115966,0,0,99.9694138,99.8575592,0,0,0,0
G9070142,0,0,0,0,0,0,0,0,0,0.00041,0.08072,0,0.01059,0.28073,0.06808,0.00587,0.0001,5e-05,0.0082,0.13945,0.40576,0,0.55346,0.0131952,0,0.0503952,0.0503952,0,0,99.9363937,99.9363937,0,0,0,0
A0020101,0,0.00242,0.01052,0,0,0,0,0,0,0.00035,0.01419,0,0.02417,0.01968,0.85542,0.02199,0.04412,0,3e-05,0.00468,0.00238,0,0.00709,59.9047775,59.8173065,0,0,26.9332829,26.9046211,13.1527052,13.0794983,0,0,0.0082167,0.0374433
A0030501,0,0.00204,0.00552,0,0,0,0.00012,0.00042,0,0.00198,0.04225,0,0.05225,0.08191,0.53958,0.07519,0.07435,0,0.00126,0.07405,0.04898,0,0.12429,39.9206581,39.8623581,0.0146103,0.0137203,27.7531509,26.9663811,32.1223183,29.6596527,0.1766972,0.1619496,0.0050272,0.0062624
G0010005,0,0.00489,0.00029,0,0,0,0,0,0,0.00025,0.05242,0,0.06265,0.1062,0.71723,0.03517,0.01131,0,0,0.00806,0.00152,0,0.00958,88.035965,88.035965,0,0,0.029498,0.029498,11.9344158,11.9344158,0,0,0,0
G0050115,0,0,0,0,0,0,0,0,0,0,0.00044,0,0.15408,0.00642,0.49842,0.06051,0.27678,0,0,0.00278,0.00051,0,0.00329,30.0840759,30.0840759,0,0,50.3769035,50.3769035,19.5389233,19.5389233,0,0,0,0
G0060005,0,0,0,0,0,0,0,0,0,0,0.00052,0,0.19262,0.00229,0.63504,0.04439,0.12003,0,0,0.00465,0.00043,0,0.00508,0.6532323,0.6532323,0,0,71.3634796,71.3634796,27.9831886,27.9831886,0,0,0,0
401009,0,0,0,0.00111,0.00053,0,0.00163,0.16985,0,0,0.00068,0,0,5e-05,0.00024,0,0,0.33162,0.48628,0,0.00811,0,0.82601,0.0642809,0.0642809,87.9744568,67.3448944,0,0,11.9612751,1.173175,0,0,0,31.4176598
401012,0,0,0,0,0,0,0.01492,0.00167,0,0,0.01168,0.0127,0.00072,0.00818,0.00199,0.00012,0,0.20842,0.61055,0.00174,0.12718,0,0.94789,2.8974819,2.8925631,67.7447281,65.6106949,2.1352952,1.8205637,27.1496258,26.6132355,0.0111102,0.0111102,0.0443987,0.6997823
401015,0.0004,0,0,0.0002,0,0,0.05712,0.82335,0,0.00748,0.00512,0,0,0.00017,2e-05,0,0,3e-05,0.0419,0,0.05978,0.0044,0.10171,0,0,2.4762428,2.4542625,0,0,97.1340561,6.4932423,0,0,0.0054963,0.0219802
401203,0.0001,0,0,0,0,0,0.00848,0.14024,0,0,0.00821,0.05069,0.00127,0.01092,0.00665,0.00016,0,0.09562,0.50198,0.00452,0.1708,0.0004,0.77292,6.3591132,6.3214889,36.2182922,30.2128468,1.4286504,1.1818564,55.9940033,41.3722382,0,0,0,18.1478271
401208,0,0,0,0,0,0,0.00061,0.14684,0,0,0.00375,0,0.00024,0.00111,0.00031,0,0,0.52827,0.30668,0.00011,0.01212,0,0.84718,0,0,94.6726227,50.8055573,0.0880663,0.0880663,5.2393169,2.93859,0,0,0,0
401210,0,0,0,0,0,0,0.00168,0.00298,0,0,0.0067,0.0094,0.00012,0.00156,0.00035,2e-05,0,0.42362,0.5194,8e-05,0.03404,0,0.97714,0.827054,0.827054,78.9614716,74.2634125,0,0,20.2114964,18.7959347,0,0,0,0
401212,0,0,0,0,0,0,0.00536,0,0,0,0.01165,0.0021,0.00026,0.00711,0.00133,3e-05,0,0.26505,0.63843,0.00069,0.06792,0,0.97209,0.1481322,0.1481322,45.6226883,44.4495163,0,0,54.2291641,51.5513763,0,0,0,0
401216,0,0,0,0,0,0,0.00879,0.00228,0,0,0.01448,0.13168,0.00076,0.00844,0.0035,0.00021,0,0.16589,0.58119,0.00162,0.08117,0,0.82987,13.7659397,13.7141647,35.8163261,33.6894493,0.1164951,0.1164951,50.3012352,50.0856476,0,0,0,0
401217,0,0,0,0,0,0,0.01884,0.0013,0,0,0.01802,0.0007,0.00252,0.01555,0.00425,0.00017,0,0.06786,0.69232,0.0023,0.17618,0,0.93866,0.0237808,0.0237808,73.1276169,72.0823669,0.4401484,0.2378458,26.408392,26.408392,0,0,0,0
402204,0,0,0,0,0,0,0.00452,0.37471,0,0,0.00109,0,0.00035,0.0004,0.00032,0.00011,0,0.30368,0.29253,0.00106,0.01858,0.0027,0.61585,0,0,74.1243134,38.049324,0,0,25.8756542,1.9918261,0,0,0,37.6305695
402206,0,0,0,0,0,0,0.00102,0.06138,0,0,0.00602,0,3e-05,0.00099,0.00016,3e-05,0,0.56352,0.35128,0,0.01555,0,0.93035,0,0,96.4770889,72.9293137,0,0,3.5229344,1.8479971,0,0,0,10.6242228
402213,0,0,0,0,0,0,0.00569,0.59152,0,0,0.00098,0,0,0.00035,0.00015,0,0,0.18102,0.20655,0,0.01373,0,0.4013,0,0,68.6514511,39.0365906,0,0,31.348547,2.4992616,0,0,0,52.1346626
402217,0,0,0,0,0,0,0.00585,0.57305,0,0,0.00172,0,0,0.00095,0,0,0,0.05746,0.3249,0,0.0361,0,0.41846,0,0,82.3866196,48.4951019,0,0,17.6134281,1.8541247,0,0,0,48.7818069
403209A,0.0001,0.0007,0,0.00922,0.00469,0,0.01085,0.23258,0,0.00112,0.01033,0.0005,0.00055,0.00358,0.00122,0.00012,0,0.23476,0.43549,0.00072,0.05095,0.0024,0.72192,0.222381,0.222381,67.6166534,54.1550941,0.2503867,0.240492,31.6590538,10.1893129,0,0.004037,0,26.2069817
403213A,0,0,0,0,0,0,0.00373,0.12224,0,0,0.00395,0,0.00138,0.00096,0.00094,0.00019,0,0.4071,0.42722,0.00031,0.03199,0,0.86662,0,0,88.8467331,72.5238647,0.4472525,0.4472525,10.7060452,1.6179277,0,0,0,8.6873302
403214,0,0,0,0,0,0,0.00945,0.28735,0,0,0.00407,0,0.00055,0.0012,0.00043,3e-05,0,0.27257,0.39538,0.00092,0.0281,0,0.69697,0,0,68.9210968,51.5304375,0.461359,0.461359,30.6175175,3.205759,0,0,0,35.6576653
403217,0,0,0,0,0,0,0.0048,0.0025,0,0,0.01299,0.0003,0.00073,0.00812,0.00166,0.00037,2e-05,0.30909,0.58841,0.00021,0.0708,0,0.96851,0.1786668,0.1786668,92.1179733,77.5127182,1.1162903,0.9118264,6.5870419,6.5358996,0,0,0,1.9769897
403221,0.0005,0.0013,0,0,0,0,0.007,0.35004,0,0,0.00109,0,0.00023,0.00041,0.00084,2e-05,0,0.08612,0.46534,0.00048,0.07154,0.0151,0.62348,0,0,56.1042061,28.811697,0.7952839,0.78778,43.1004829,11.3282967,0,0,0,34.8708344
403222,0,0,0,0,0,0,0.002,0.0003,0,0,0.02563,0,0.00028,0.0065,0.00102,8e-05,0,0.31768,0.57781,0.00041,0.06835,0,0.96425,0.2019352,0.2019352,85.6253433,83.9951553,0.2571508,0.2571508,13.9155416,13.9155416,0,0,0,0
403226,0,0,0,0,0,0,0.00401,0.35429,0,0,0.00142,0,0.00042,0.00046,0.00012,0,0,0.31829,0.30944,0,0.01149,0,0.63922,0,0,80.2999649,53.2271385,0.2835827,0.2835827,19.4165134,1.9883798,0,0,0,41.2820969
403232,0,0,0,0,0,0,0.00017,0,0,0,0.00802,0,0,0.00143,0.00016,0,0,0.43471,0.50801,0,0.04752,0,0.99024,0,0,93.8825912,73.3287354,0,0,6.1174254,6.1174254,0,0,0,0.1606491
404207,0,0.0005,0,0,0,0,0.01018,0.3327,0,0,0.00214,0,0.0005,0.0004,0.00027,4e-05,0,0.34185,0.29288,8e-05,0.01845,0,0.65326,0,0,74.0308456,53.7562294,0,0,25.9691067,1.7241021,0,0,0,29.684597
405205,0,0,0,0,0,0,0.02424,0,0,0,0.00181,0,0.00216,4e-05,0.00088,0,0,0.80538,0.13638,4e-05,0.02906,0,0.97086,0,0,96.5517426,96.5093842,0,0,3.4482398,3.4482398,0,0,0,0
405209,0,0,0,0,0.0001,0,0.01836,0.02767,0,0,0.00693,0,0.00402,0.00233,0.00168,0.00018,5e-05,0.62457,0.27185,0.00078,0.04014,0.0014,0.93734,0.1242247,0.1242247,94.3022003,80.170784,0.28292,0.28292,5.2906003,1.8572252,0,0,0,3.4641366
405215,0,0,0,0,0,0,0.00208,0.0004,0,0,0.02532,0.0057,0.00035,0.00793,0.00175,0.00025,2e-05,0.34719,0.54651,0.00032,0.06205,0,0.95607,1.1191564,1.0207192,71.7883835,69.995163,0,0,27.0925636,26.8527927,0,0,0,0
405217,0.0002,0,0,0,0,0,0.00104,0.23606,0,0,0.00068,0,0.00018,0.0001,0.00019,3e-05,0,0.52034,0.23173,7e-05,0.00708,0.0024,0.75922,0,0,96.1199799,61.6095734,0.0467467,0.0212485,3.8290541,0.1998497,0,0,0.0042494,30.368597
405218,0,0,0,0,0,0,0.00528,0,0,0,0.02072,0.0041,0.00121,0.01005,0.00496,0.00022,0,0.30908,0.56927,0.00104,0.07399,0,0.95338,0.7837918,0.7837918,70.5868683,69.8327179,0.0126417,0.0126417,28.616642,28.5113163,0,0,0,0
405219,0,0,0,0,0,0,0.01179,0,0,0,0.01645,0,0.00286,0.00851,0.00495,0.00049,2e-05,0.21618,0.63535,0.00115,0.10227,0,0.95495,0.0394638,0.0394638,83.7106552,83.2440872,0,0,16.2498569,16.2454777,0,0,0,0
405226,0.0022,0.0001,0,0.00156,0,0,0.1759,0.72318,0,0.00408,0.0498,0,0.00011,0.00052,0.0003,3e-05,8e-05,0.00183,0.00857,5e-05,0.03138,0.0003,0.04183,0.4874383,0.0165246,16.7365952,3.1310122,0.19387,0.0763188,82.46241,3.3292,0,0,0,93.3583374
405227,0,0,0,0,0,0,0.0005,0,0,0,0.00702,0,0.00032,0.00227,0.00052,4e-05,2e-05,0.56558,0.39492,0.00022,0.02861,0,0.98933,0.0290775,0.0290775,95.4501419,95.1224213,0,0,4.5208035,4.5135455,0,0,0,0
405238,0,0,0,0,0,0,0.0144,0.74762,0,0,0.00503,0,0,0,0,0,0,0.15846,0.07247,0,0.00202,0,0.23295,0,0,23.7893715,12.7385111,0,0,76.21064,3.8250334,0,0,0,82.0716171
405245,0,0,0,0,0,0,0.01894,0.91942,0,0,0.00318,0,0,0,0,0,0,0.01284,0.01904,0,0.0058,0.0208,0.03768,0,0,3.3498969,0.1867879,0,0,96.6501083,0.0133477,0,0,0,99.7731857
405248,0.0007,0,0,0,0,0,0.01158,0.27608,0,0,0.03326,0,0,0.00122,9e-05,0,0,0.00185,0.57282,0.00052,0.10187,0,0.67706,0,0,75.3879318,42.7107811,0,0,24.6120663,2.7779572,0,0,0,53.5184784
405251,0,0,0,0,0,0,0.00963,0.24374,0,0,0.00399,0,0,0,0.00025,0,0,0.39611,0.34306,0,0.00322,0,0.74239,0,0,83.5844955,59.2538757,0.2266486,0.1636887,16.1888504,1.4469109,0,0,0,34.352066
405263,0,0,0,0,0,0,0.01836,0,0,0,0.01873,0,0.00455,0.00814,0.007,0.00072,4e-05,0.24332,0.60058,0.00162,0.09695,0,0.94247,0,0,81.7343445,81.27314,0,0,18.2656803,18.256361,0,0,0,0
405264,0,0,0,0,0,0,0.00087,0,0,0,0.00645,0,0.00049,0.00105,0.00048,6e-05,0,0.66431,0.30779,0.00028,0.01825,0,0.99063,0.0456117,0.0456117,96.3855743,95.7754745,0,0,3.5688539,3.5551901,0,0,0,0
405274,0.0006,0,0,0,0,0,0.02269,0.69388,0,0,0.01622,0,0,0,0,0,0,0.12794,0.11468,0,0.02406,0,0.26668,0.0661006,0,41.5896721,17.222208,0,0,58.3442497,0.6864002,0,0,0,78.1563034
406208,0,0,0,0,0,0,0.00288,0.13502,0,0,0,0,0,0,0,0,0,0.64992,0.21216,0,0,0,0.86208,0,0,89.0506821,62.7938576,0,0,10.9493198,8.0482845,0,0,0,26.0397053
406213,0,0,0,0,0,0,0.02191,0.76924,0,0.00084,0.00648,0,0,0,1e-05,0,0,0.10905,0.07417,0.0001,0.00975,0.0084,0.19307,0.0289466,0,23.1725311,10.9286938,0,0,76.7599258,5.8958201,0,0,0,81.8160934
406214,0,0,0,0,0,0,0.00775,0.35848,0,0,0.03717,0,0.0001,0.00091,0.00062,3e-05,0,0.00342,0.39754,0.0002,0.17247,0.0213,0.57363,0,0,58.717144,34.161644,0,0,41.2828522,5.5836363,0,0,0,59.4121819
406224,0,0,0,0.0008,0,0,0.43088,0.36148,0,5e-05,0.05878,0,2e-05,0.00098,2e-05,0,0,0.00023,0.07638,0.00022,0.07018,0,0.14701,0.1366092,0.0186234,8.1047516,6.3749895,0,0,91.7089081,1.602644,0,0,0,91.9788818
407214,0.0002,0,0,0,0,0,0.02781,0.67419,0,0.00163,0.00502,0,2e-05,5e-05,0.00019,0,0,0.18852,0.08882,5e-05,0.00773,0.0059,0.28512,0.717315,0,23.4296761,12.6555099,0,0,75.5399628,4.776648,0,0,0,74.4704514
407215,0.0004,0.0008,0,0,0,0,0.00858,0.30523,0,0.0001,0.01197,0,5e-05,7e-05,0.00028,2e-05,0,0.1675,0.43453,0.00023,0.05951,0.0108,0.66177,0,0,65.8756943,41.1216278,0,0,34.1244202,7.4403892,0,0,0,39.9663506
407220,0.0006,0,0,0,0,0,0.14704,0.61236,0,0,0.06462,0,0,0.00025,4e-05,0,0,0.00171,0.09737,2e-05,0.07595,0,0.17505,0.2296038,0,31.9075069,12.0204725,0.0382732,0,67.8246231,2.2075748,0,0,0,85.5886841
407230,0,0,0,0,0,0,0.05805,0.57685,0,0,0.02428,0,0,0.00097,9e-05,0,0,0.1262,0.17811,0,0.03547,0,0.33978,0.5776631,0.0097918,35.2913437,19.4014626,0,0,64.0329742,4.6107802,0,0,0,66.8881912
407253,0.0015,0.0017,0,0.00317,0.00038,0,0.17966,0.22575,0,0.00018,0.05579,0,0.00065,0.00545,0.00324,0.00054,0,0,0.1598,0.0111,0.28594,0.0652,0.45684,0.1415666,0.0140396,34.4887505,22.893734,0.2362498,0.0772068,65.0632706,10.719676,0,0,0,64.8046722
408200,0.0006,0.0002,0,0,0,0,0.24845,0.32193,0,5e-05,0.09061,0,1e-05,0.00864,0.0007,0.00012,0.0002,0.00963,0.11339,0.00136,0.2026,0.0015,0.32698,0.0518961,0,33.0418663,16.6187553,0.2677092,0,66.4970016,4.3807902,0,0,0.0005772,78.5962372
408202,0,0,0,0,0,0,0.027,0.69486,0,0,0.03657,0,0,0,5e-05,0,0,0.14521,0.07155,5e-05,0.02471,0,0.24152,0,0,70.8829727,15.0723429,0,0,29.1170235,1.9663494,0,0,0,80.4467773
410057,0,0,0,0,0,0,0.00059,0.02084,0,0,0.00332,0,5e-05,0.00038,8e-05,1e-05,0,0.52473,0.43907,9e-05,0.01084,0,0.97473,0.19301,0.19301,78.4268417,63.4482803,0.3113498,0.3089911,21.0263233,17.4964371,0.0423704,0.0423704,0,18.5108376
410061,0,0,0,0,0,0,0.00077,0.42278,0,0,6e-05,0,0,0,0,0,0,0.42731,0.13841,0,0.01069,0,0.57641,0,0,73.006546,13.035491,0,0,26.993433,2.0681078,0,0,0,84.8963776
410705,0.0004,0,0,0.00027,0,0,0.00064,0.34873,0,0,0.01747,0,0,0.00096,0.00039,0,0,0.05685,0.39498,0.00172,0.17685,0.0007,0.6304,11.8937216,0.0061389,82.2518539,41.1358643,0,0,5.7037005,2.6789196,0,0,0.1507561,10.4439583
410730,0,0.0004,0,0,0,0,0.00628,0,0,0,0.00494,0.003,0.00079,0.01017,0.00768,0.00046,3e-05,0.0497,0.72631,0.00466,0.18554,0,0.96621,0,2.9720719,89.6451797,67.8033981,0.0482808,0.8448622,9.6545315,28.1501026,0,0,0.6520092,0.0362454
410731,0,0.0002,0,0,0,0,0.00422,0.04045,0,0,0.00378,0,0.00114,0.0083,0.00545,0.00028,0,0.01165,0.68984,0.00382,0.23086,0,0.93617,0.5325509,1.2925978,57.395298,58.5198174,0.0046565,0.1746368,42.0069618,26.4267654,0,0.0302883,0.0604329,0.7050966
410734,0,0,0,0,0,0,0.00038,0.21507,0,0,0.00168,0,0.00021,0.00052,0.00041,2e-05,0,0.08115,0.62088,0.00014,0.0796,0,0.78177,0.3336256,0,98.0481339,90.7875671,0,0.0055558,1.4458865,4.3248272,0.1723792,0.1668242,0,0.2417193
410761,0,0.004,0,0.00073,3e-05,0,0.00188,0.17663,0,0.0001,0.06365,0,0.00025,0.03995,0.00635,0.00016,0,0.05038,0.29088,0.00912,0.35444,0.0013,0.70482,17.9410572,4.3175588,67.5396423,45.5955429,0.0866753,0.0957877,14.3465071,9.7579193,0.0437679,0.0422535,0.0352177,24.1083889
412028,0.0001,0,0,0.0001,0,0,0.00068,0.41297,0,0.00018,0.00228,0,0.00025,0.00083,0.00071,0.00026,0,0.07868,0.42376,0.00111,0.078,0,0.58155,3.7285786,3.7285786,7.0814385,7.0814385,0,0,89.1439514,25.0299683,0,0,0,0.2150422
412050,0,0,0,0.0002,0,0,0.00085,0.88112,0,0,0.00148,0,0,7e-05,2e-05,0,0,0.00552,0.08968,0,0.01888,0.0022,0.11408,4.1594963,4.1594963,0.1484403,0.1484403,0,0,95.6502304,5.5954261,0,0,0,0.0814957
412066,0,0,0,0.00015,1e-05,0,0.00082,0.49079,0,0.00026,0.00281,0,0.0003,0.00078,0.00073,0.00032,0,0.04848,0.37685,0.00101,0.07666,0,0.503,2.2751284,2.2751284,5.8990684,5.8990684,0,0,91.7514648,29.8667278,0,0,0,0.3471987
415207,0,0,0,0,0,0,0.00783,0.42858,0,0,0.00825,0,2e-05,0,8e-05,0,0,0.23848,0.29438,0,0.02224,0.0002,0.5551,0,0,66.9936218,43.8373718,1.5193218,0.6157253,31.4870567,1.5856557,0,0,0,52.4124031
415226,0,0,0,0,0,0,0.61742,0.22227,0,0,0.04846,0,0,0.00425,0.00019,0,0,0,0.05656,6e-05,0.05077,0,0.10739,0,0,12.720026,7.5364633,0,0,87.2799606,2.2669582,0,0,0,90.1724548
415237,0.0104,0.0005,0,0,0,0,0.08182,0.63638,0,0,0.10692,0,5e-05,0.00201,0.00095,8e-05,0,0.00018,0.0613,0.00076,0.09777,0.0009,0.16001,0,0,18.3444538,4.3103437,0.0682022,0,81.5873642,8.9454937,0,0,0,85.5602112
416003,0,0.0003,0,0.00098,0,0,0.0001,0.35899,0,0.0008,0.00895,0,0,0.0004,0.00012,0,0,0.0994,0.41482,0,0.10578,0.0093,0.62,0.2264539,0.1841786,25.5022411,23.6488209,0.0935978,0.0935978,73.628334,9.4937792,0.0513155,0.0513155,0.4468587,65.8371658
416008,0.005,0,0,0,0,0,0.00202,0.19317,0,0.0009,0.00808,0,8e-05,0.00397,0.00025,0.00012,0,0.00219,0.44527,0.00051,0.33827,0.0002,0.78624,0.0073675,0.0073675,59.7779388,44.9526443,0.1049906,0.1049906,40.1059341,11.2549982,0.0036833,0.0036833,0,32.849987
418005,0.0225,0,0,0,0,0,0.00011,0.1194,0,0.0002,0.0022,0,0.00015,0.00025,0.00075,5e-05,0,0.01135,0.60395,0.00412,0.23402,0.0007,0.85344,0,0,40.2171135,35.359005,0,0,59.7828674,26.3271294,0,0,0,34.5727348
418014,0,0.0002,0,4e-05,6e-05,0,0.00178,0.61592,0,0.00031,0.002,0,0,0,1e-05,0,0,0.01348,0.32954,0,0.03358,0.0031,0.3766,0,0,35.8575439,9.0299349,0.0079786,0.0079786,64.1344376,13.6342421,0,0,0,77.3258057
419005,0.0002,0.0001,0,0.0001,0,0,0.00162,0.49245,0,0.0003,0.00882,0,0,0.00062,0.00019,0,0,0.03387,0.32787,0.00033,0.13353,0,0.4956,0,0,18.0513477,3.3227353,0,0,81.9413376,9.4112377,0,0,0,33.0562172
422202B,0.0004,0,0,0,0,0,0.00133,0.00512,0,9e-05,0.04488,0,0.00036,0.04457,0.00757,0.00066,0.0003,1e-05,0.12658,0.04788,0.71965,0.0006,0.89412,0,0,3.060703,3.2608802,2.5857234,2.4953496,94.3535538,72.3275986,0,0,0,0
422306A,0,0,0,0,0,0,0.0007,0.02461,0,0.00118,0.00632,0,0,0,5e-05,0,0,0.44822,0.46302,0,0.05588,0,0.96712,0,0,75.7916946,59.674263,0,0,24.2082672,19.482542,0,0,0,0
422313B,0,0,0,0.02835,0.00025,0.0004,0.02082,0.09218,0,0.00348,0.01448,0,0,0.00148,0.00049,0,0,0.47611,0.32688,0,0.03509,0,0.83808,0.094146,0.0418427,77.7171249,62.3809814,0,0,22.1574402,10.3053484,0,0,0.0313918,0.0209228
422319B,0,0,0,0.02383,0.00056,0.0007,0.03803,0.16032,0.0007,0,0.07893,0,0,0.01228,0.00444,3e-05,0,0.14861,0.33769,2e-05,0.1937,0,0.68002,12.8451872,0.0271153,34.3623047,24.1784363,0,0,52.7925568,26.3487644,0,0,0,0
422321B,0,0,0,0.00028,0.0125,0,0.00014,0.35844,0,0,0,0,0,0,0,0,0,0.48238,0.14615,0,0.00014,0,0.62867,0,0,96.8590775,26.1063137,0,0,2.317028,2.3942285,0,0,0.8239083,1.4416918
422334A,0,0,0,0.0602,0.00028,0.0021,0.20492,0.19502,0.0001,0.00073,0.1406,0,0,0.0285,0.00558,0.00063,0.0002,0.00242,0.21693,7e-05,0.14052,0.0012,0.35994,37.1106224,0.1347381,16.3449478,6.2665248,0,0,46.5378532,19.6505566,0,0,0.0065758,0
422394A,0.0004,0.0002,0,0.0314,0.00204,0.0049,0.01075,0.24474,0.0005,0.00218,0.00923,0,5e-05,0.0005,0.00025,5e-05,0,0.28045,0.31729,0.00011,0.09183,0.0031,0.68968,0.0462661,0.0051491,61.6317291,23.0380974,0,0,38.1369362,9.3625917,0,0,0.1851188,0.7301121
424002,0,0.00084,0.01046,0,0,0,0,0,0,5e-05,0.00078,0,0.11172,0.01178,0.31313,0.2524,0.20894,0,2e-05,0.08215,0.00768,0,0.08985,4.6871891,4.5022635,0,0,25.3771935,23.4261513,69.9329224,67.156517,0.0012603,0.0012603,0,0
424201A,0,0.00025,0.00274,0,0,0,0,0,0,5e-05,0.00085,0,0.12532,0.01453,0.28094,0.27052,0.18906,0,3e-05,0.10553,0.01012,0,0.11568,4.9657965,4.7815723,0,0,28.0603733,25.8900318,66.9713593,63.9539604,0.0014179,0.0014179,0,0
102101A,0,0,0,0,0,0,0,0,0,0.00018,0.00212,0,1e-05,1e-05,5e-05,1e-05,0,0.81808,0.17882,0,0.00072,0,0.99762,0.8583189,0.8583189,56.9955177,56.940609,1.2023948,1.2023948,40.9438782,40.9063034,0,0,0,0
104001A,0,0,0,0,0,0,0,0,0,0.00538,0.02888,0,0,0,1e-05,0,0,0.43994,0.51991,0,0.00587,0,0.96572,0,0,12.8791647,12.8791647,0.091224,0.091224,87.0297699,86.7325668,0,0,0,0
105101A,0,8e-05,0,0.00089,0,0,0.00066,0.00028,0,0.00896,0.03178,0,2e-05,0.00027,0.00027,0,0,0.20538,0.63365,0,0.11776,0,0.95679,2.3100207,0,14.7661324,14.7621155,0,0,81.8146133,81.7896729,0,0,0,0
105102A,0,0.00042,0,0.01056,0.00061,0,0.01806,0.00065,0,0.01127,0.10845,0,2e-05,0.00046,0.00034,0,0,0.03168,0.50583,8e-05,0.31137,0,0.84896,0,0,0,0,0,0,100,99.9239197,0,0,0,0
105105A,0,0,0,0,0,0,0,0,0,0.00023,0.01838,0,0,0,0,0,0,0.40868,0.48782,0,0.08484,0,0.98134,3.5638146,0,60.7759476,60.7513199,0,0,35.6601753,35.6601753,0,0,0,0
107001B,0,0,0,0,0,0,0,0,0,0,0.00228,0,0,0,2e-05,3e-05,0,0.66029,0.32269,0,0.01473,0,0.99771,0.8947304,0.8672923,23.7611961,22.2965069,0.0548643,0.0548643,75.2892075,73.9727173,0,0,0,0
108002A,0,0,0,0,0,0,0,0,0.0001,0,3e-05,0,0,0,0,0,0,0.93937,0.06032,0,0.00012,0,0.99981,0.3430103,0,89.9461212,89.3743362,0,0,9.7108984,9.7108984,0,0,0,0
108003A,0,0,0,0,0,0,0,0,0,0,0,0,0,0,0,0,0,0.99012,0.00988,0,0,0,1,0,0,95.5758896,95.3799133,0,0,4.4240999,4.3610845,0,0,0,0
112002A,0,0,0,0,0,0,0,0.8057,0.1093,0,0,0,0,0,0,0,0,0.0769,0.0081,0,0,0,0.085,0,0,100,5.6695013,0,0,0,1.2957487,0,0,0,0
112102A,0,0,0,0,0.0017,0,0,0.0326,0.005,0,0,0,0,0,0,0,0,0.88748,0.07329,0,0,0,0.96077,0.0470173,0.0470173,99.9529648,89.8679352,0,0,0,0,0,0,0,0
113004A,0,0,0,0,0,0,0,0.025,0.0014,0,0,0,0,0,0,0,0,0.96622,0.00738,0,0,0,0.9736,0,0,100,94.4815369,0,0,0,0.1335966,0,0,0,0
116006B,0.0004,0.00027,0,0.00329,0.00052,0.0017,0.00045,0.00894,0.0017,0.01132,0.03675,0,4e-05,0.00918,0.00053,1e-05,0,0.25355,0.40298,0.00043,0.26753,0.0004,0.92449,1.5209981,1.0080706,47.0085869,45.6880493,0.187565,0.187565,50.9728012,49.8134613,0,0,0,0.0019606
116010A,0,0,0,0,0,0,0,0.0054,0,0.00038,0,0,0,0,0.00011,0,0,0.72526,0.26851,0,0.00033,0,0.9941,4.7997003,0,80.4892578,80.4729614,0,0,14.7110748,14.3851061,0,0,0,0
116011A,0,0,0,0.01581,0.0013,0.0207,0,0.33643,0.0242,0,0.00054,0,0,0,0,0,0,0.47299,0.12595,0,0.00065,0.0014,0.59959,0.1609236,0,81.5906448,36.6759796,0,0,18.2484322,15.039712,0,0,0,0
116012A,0,0,0,0,0,0,0,0,0,0.00499,0.03072,0,3e-05,0.00084,0,0,0,0.3678,0.52982,0,0.06581,0,0.96343,2.5495114,0,82.6234665,82.6234665,0,0,14.826973,14.6127548,0,0,0,0
116013A,0.0002,0,0,0.00632,0.00046,0.0063,0,0.13382,0.0208,0.00453,0.00607,0,0,2e-05,2e-05,0,0,0.38335,0.30332,0,0.13156,0.0032,0.81823,0.5972399,0,58.6546707,32.8171921,0,0,40.748085,39.8031158,0,0,0,0.0115938
116014A,0.0002,0,0,0.02236,0.00011,0.0026,0.00533,0.01672,0.0033,0.0086,0.00977,0,1e-05,0.00101,4e-05,0,0,0.1524,0.41893,6e-05,0.35566,0.0029,0.92705,0.40235,0,16.0542583,14.5105543,1.1039603,1.1039603,82.4393311,75.6907501,0,0,0,0.0062385
116015A,0,0,0,0,0,0,0,0,0,0,0,0,0,0,0,0,0,0.91381,0.0859,0,0.00027,0,0.99998,0,0,75.7488403,73.778801,0,0,24.2511959,24.0642185,0,0,0,0
121001A,0,0,0,0,0,0,0.00086,0.04015,0,0.01367,0.04664,0,0,0.00415,1e-05,0,0,0.03765,0.57401,1e-05,0.28284,0,0.89451,0,0,6.4725528,6.3310223,0,0,93.3557663,88.6920242,0,0,0,0
122004A,0.0014,0,0,0.00084,0.00326,0,0,0.07364,0.0041,0.0016,0,0,0,0,0,0,0,0.86525,0.04443,0,0.0055,0,0.91518,0,0,91.7138977,86.3218384,0,0,8.2860794,0.5948124,0,0,0,0
126003A,0,0,0,0.03458,0.02642,0.0354,0,0.08411,0.0151,0.00018,0,0,0,0,0,0,0,0.76031,0.04395,0,0,0,0.80426,0.081563,0.081563,69.2526855,50.2958412,0,0,30.6657906,26.2424774,0,0,0,0
136202D,0.0001,0,0,0.00282,0,0.0001,0.00167,0.28295,0,0.00082,0.07416,0,0,0.00012,0,0,0,0.2489,0.24125,0,0.14712,0,0.63727,0,0,97.2637558,18.4085293,0,0,2.7362552,2.2349656,0,0,0,0
136203A,0,0,0,0.00749,5e-05,0,0.00827,0.15437,0,0.00051,0.06132,0,0,0.0006,0,0,0,0.28654,0.31778,0,0.16309,0,0.76741,1.1917715,1.1101363,96.4715652,30.6396656,0,0,2.3366585,2.194953,0,0,0,0
136208A,0,0.0002,0,0.02356,0.00059,0.0012,0.00728,0.26084,0,0.00211,0.05135,0,0,0.00112,6e-05,0,0,0.09129,0.38808,3e-05,0.17195,0.0004,0.65135,0,0,64.6084213,16.5191002,0,0,35.3916931,11.6839724,0,0,0,0
137101A,0,0,0,0.01725,0.00043,0.002,0.00016,0.02166,0,0.00156,0.00105,0,4e-05,8e-05,0.00013,0,0,0.52845,0.41948,5e-05,0.00758,0,0.95556,0,0,92.6821365,70.3467026,0,0,7.3178782,4.9562054,0,0,0,0
137201A,0.0001,0,0,0.01832,0.00035,0.0043,0.00024,0.06004,0,0.00171,0.00048,0,1e-05,0,2e-05,0,0,0.60366,0.3072,0,0.00245,0.0011,0.91331,0,0,78.1007767,55.4721107,0,0,21.8992748,16.7672462,0,0,0,0
138004B,0,0,0,0.00025,0,0,8e-05,0.26106,0,0.00111,0.02164,0,0,2e-05,1e-05,0,0,0.38388,0.28346,0,0.04854,0,0.71588,0,0,93.7444763,43.6226425,0.325576,0.325576,5.9299412,0.9158534,0,0,0,0
138009A,0,0,0,0.01103,0.04588,0,0,0.24001,0,0,0,0,0,0,9e-05,0,0,0.69565,0.00734,0,0,0,0.70299,0,0,100,31.6293087,0,0,0,0,0,0,0,0
138010A,0.0012,0,0,0.01692,2e-05,0,0.00275,0.18384,0,0.00017,0.07792,0,0,7e-05,0.0002,0,0,0.13076,0.38728,8e-05,0.19887,0,0.71699,0,0,99.208374,24.0601616,0,0,0.7916201,0.7916201,0,0,0,0
138113A,0,0,0,0.00131,0.00152,0,0.00015,0.12369,0,9e-05,0,0,0,0,0,0,0,0.81617,0.05704,0,3e-05,0,0.87324,0,0,82.299118,48.5160217,0,0,17.7008018,7.7336969,0,0,0,0
143009A,0,0.0001,0,0.00249,0.00019,0.0001,0.00177,0.20386,0,0.00407,0.03525,0,0,0.00029,0.00011,0,0,0.22945,0.42369,0,0.09818,0.0003,0.75132,0.0133166,0.0133166,94.8938828,29.4997635,0,0,5.0915437,1.3517284,0,0,0.0013294,0
143110A,0,0,0,0.047,0.00522,0.0033,0.00627,0.32924,0,0.00046,0.025,0,0,0,0,0,0,0.27581,0.27165,0,0.03602,0,0.58348,0,0,54.4200478,7.658793,0,0,45.5799255,18.770647,0,0,0,0
143303A,0,0,0,0,0,0,0,0.09778,0,0,0,0,0,0,0,0,0,0.8823,0.01521,0,5e-05,0.0047,0.89756,0,0,100,35.6022148,0,0,0,0,0,0,0,0
145010A,0,0,0,0.01472,0.00387,0.0005,0.00151,0.28975,0,0,0.00088,0,0,0,0,0,0,0.58454,0.09375,0,0.01058,0,0.68887,0,0,81.9734573,45.5999908,0,0,17.934515,3.8547628,0,0,0.0920552,0.223568
145011A,0,0,0,0.00968,0.00043,0,0.00011,0.20045,0,0.0007,0.00038,0,0,0,0,0,0,0.58309,0.20112,0,0.00395,0,0.78816,0,0,89.3631363,40.3365631,0,0,10.5969105,7.3975458,0,0,0.0399676,0.1198999
145018A,0,0,0,0.0015,0,0,5e-05,0.09371,0,0,0,0,0,0,0,0,0,0.82218,0.08262,0,0,0,0.9048,0,0,95.9119644,67.2552948,0,0,3.622802,3.6025629,0.0202288,0.0202288,0.4450192,1.4766223
145101D,0,0,0,0.03476,0.00592,0.004,0.00338,0.24415,0,0.00062,0.00105,0,0,0,0,0,0,0.36842,0.31243,0,0.02534,0,0.70619,0,0,51.2574539,31.2817135,0,0,48.7425461,15.65236,0,0,0,0.0305664
145107A,0,0,0,0.00198,0.00282,0,5e-05,0.00669,0,0,0.00046,0,5e-05,0,0,0,0,0.90047,0.08497,0,5e-05,0.0024,0.98549,0,0,72.476265,52.492012,0,0,27.523756,14.166543,0,0,0,0.0328909
146010A,0,0,0,0,0,0,9e-05,0.23687,0,0,0.00028,0,0,0,0,0,0,0.71613,0.04657,0,5e-05,0,0.76275,0,0,87.1476746,38.930378,0,0,12.8523197,2.0629358,0,0,0,0
146012A,0,0,0,0,0,0,0.00398,0,0,0,0,0,0,0,0,0,0,0.98964,0.00641,0,0,0,0.99605,0,0,97.3875656,35.5785027,0,0,2.6124585,0,0,0,0,0.2719988
146014A,0,0,0,0,0,0,0,0.6174,0,0,0,0,0,0,0,0,0,0.34981,0.03279,0,0,0,0.3826,0,0,95.1283493,34.634388,0,0,4.871645,2.435904,0,0,0,0
146095A,0,0.0011,0,0,0,0,0,0,0,0,0,0,0,0,0,0,0,0.99579,0.00312,0,0,0,0.99891,0,0,99.8652878,58.8532944,0,0,0.1347157,0,0,0,0,0.0299109
A5030502,0,0,0,0.00638,0.00162,0,0.00016,0.01395,0,0,0,0,0,0,0,0,0,0.6792,0.29809,0,0.00065,0,0.97794,0,0,5.3465242,5.3465242,0,0,94.6534882,43.9037247,0,0,0,50.7497787
A5040517,0,0,0,0,0,0,0,0,0,0,0,0,0,0,0,0,0,0.16722,0.77257,0,0.01674,0.0435,0.95653,0,0,5.7085505,5.7085505,0,0,94.2914581,68.5112228,0,0,0,25.7802181
A5040523,0,0,0,0.03091,0.01157,0,0,0.0082,0,0,0.00387,0,0,0.0015,0.002,0,0,0.79086,0.14615,0,0.00506,0,0.94207,0,0,0.2965356,0.2965356,0,0,99.7034683,45.2430649,0,0,0,54.4603767
A5050517,0,0,0,0.07362,0.00165,0,0.10269,0.76011,0,0.001,0.01918,0,0,0,0,0,0,0,0.00305,0,0.03874,0,0.04179,0.1703553,0.1703553,0,0,0.0131083,0.0131083,99.8165283,3.2784588,0,0,0,96.5380783
A5130501,0,0,0,0,0,0,0,0,0,0.00052,0.01632,0,0.00915,0.00358,0.0076,0.00282,0.00022,0.39599,0.45705,0.00243,0.1043,0,0.95977,0,0,0.3799993,0.3799993,0.1821053,0.1821053,99.4378891,98.5029221,0,0,0,0.9349722
204034,0,0,0,0,0,0,0.00086,0.12348,0,0,0.00719,0,0,0.00012,2e-05,0,0,0.52687,0.33845,0,0.00298,0,0.8683,0.0919589,0.0919589,75.0018921,73.5164642,0,0,24.8645153,3.6418312,0.0417817,0.0417817,0,21.0690193
206014,0,0,0,0,0,0,0.0001,0.78929,0,0,0.00108,0,0,0,0,0,0,0.0147,0.19311,0,0.00172,0,0.20953,0,0,7.1454487,7.1454487,0.6653123,0.6653123,92.1892929,6.6898122,0,0,0,85.4995499
206018,0,0.0004,0,0,0,0,0.00194,0.92223,0,0,0.00096,0,0,0,1e-05,0,0,0.00425,0.06592,0,0.00175,0.0025,0.07192,0,0,5.7646742,2.7356379,0.021375,0.021375,94.2139816,2.7699587,0,0,0,94.4730453
208007,0,0,0,0,0,0,0.00012,0.31016,0,0,0.00057,0,0,0,0,0,0,0.64388,0.04454,0,0.00074,0,0.68916,0,0,98.2782288,37.600914,0.3278276,0.3278276,1.3939446,1.3417579,0,0,0,52.5375977
208009,0,0,0,0,0,0,6e-05,0,0,0,0.00139,0,0,0,3e-05,0,0,0.69445,0.30253,0,0.0015,0,0.99848,0,0,86.6516953,58.836628,2.1741025,2.1741025,11.1742048,6.5213652,0,0,0,32.467907
210006,0.0017,0.0002,0,0.00182,0.00025,0,0.01886,0.254,0,0,0.01854,0,0.00026,0.00168,0.00238,0.00015,2e-05,0.04104,0.50896,0.00071,0.1494,0,0.70011,5.7672181,5.7672181,0.9919536,0.9962602,3.7944381,3.7944381,89.4444809,35.2228088,0,0,0,0.0086097
210011,0,0,0,0.00168,0.00922,0,0.00044,0.39487,0,0,0.00039,0,0,0,0,0,0,0.5655,0.02791,0,2e-05,0,0.59343,0,0,99.4268188,37.3092308,0,0,0.5731886,0.5731886,0,0,0,62.0530739
211008,0,0.0017,0,0,0,0,0,0.0009,0,0,7e-05,0,0.00069,0,0.00178,0,0,0.95693,0.0311,7e-05,0.00335,0.0034,0.99145,0,0,79.9084396,56.2598877,11.4165525,11.4165525,8.6750202,8.6750202,0,0,0,23.64855
212209,0.0088,0,0,0.00511,0.01889,0,0,0.43686,0,0,0,0,0,0,0,0,0,0.49874,0.03132,0,0.00025,0,0.53031,0,0,26.8738708,20.0514278,0.6378844,0.6378844,72.4882202,24.0732117,0,0,0,55.2374763
212260,0,0,0,0.0002,4e-05,0,0.00185,0.04709,0,0,0.01269,0,0.00083,0.00232,0.00212,0.00069,2e-05,0.48473,0.4189,0.00275,0.02575,0,0.93213,0.0044963,0.0044963,41.3363991,41.3363991,0.523269,0.523269,58.135788,35.3914871,0,0,0,2.8102095
215002,0,0,0,0.00158,0.00013,0,1e-05,0.34315,0,0,0.00053,0,0,5e-05,0.00016,2e-05,0,0.36574,0.26178,7e-05,0.02595,0.0008,0.65354,1.2981979,0.6471276,97.4442673,33.9881859,1.1976511,1.6764721,0.0316433,15.9048977,0.0282096,0,0,47.7832985
215004,0,0,0,0,0,0,0,0.01397,0,0,0.00041,0,5e-05,0,5e-05,0,0,0.20061,0.75676,0,0.02815,0,0.98552,1.6754454,0.6492783,86.024765,24.4391937,0.3953021,4.0949974,11.7444696,41.3065414,0.1600073,0,0,29.5099697
215207,0.0004,0.0001,0,0.00051,4e-05,0,9e-05,0.21812,0,0,0.00179,0,0.00045,0.00096,0.00111,0.00011,0,0.18036,0.49288,0.00137,0.10144,0.0003,0.77605,2.9995382,0.3109916,86.1256866,27.4684277,0.7517948,1.7647371,10.0049238,31.7307796,0.114313,0,0.0037419,38.7238922
216002,0,0.0001,0,0,0,0,0.00134,0.0089,0,0,0.00545,0,5e-05,0.00025,0.00016,1e-05,0,0.85352,0.12032,7e-05,0.00993,0,0.98384,0.0018318,0,88.7416458,48.2870026,0.181485,0.0549534,10.5616999,50.3254356,0.5133247,0,0,1.3326337
216004,0,0,0,0.0006,0,0,0,0.18094,0,0,0.00046,0,0.00074,0.00023,0.0006,0.00014,0.00018,0.67177,0.13014,0.00032,0.01395,0,0.81618,3.0032122,0,92.9852371,3.0018659,0.2296794,0,3.7206509,71.1106415,0,0,0,25.8875751
218001,0,0,0,0,0,0,0.0008,0.01005,0,0,0.00028,0,0,0.00014,0.00167,9e-05,0,0.44704,0.45717,0.00291,0.07983,0,0.98695,3.3227627,3.0606842,22.5973034,20.1872997,0,0,74.0799103,57.4638786,0,0,0,0
219001,0,0,0,0,0,0,0,0,0,0,0,0,0,0,0,0,0,0.95625,0.04125,0,0.00249,0,0.99999,0.424601,0.424601,78.236969,72.3984451,0,0,21.3384399,14.968833,0,0,0,0
221207,0,0,0,0,0,0,8e-05,0.0003,0,0,0.01015,0,0,0,0,0,0,0.87201,0.11641,0,0.00101,0,0.98943,0,0,92.5912094,92.5912094,0.0772117,0.0772117,7.3315644,7.1771927,0,0,0,0
221210,0,0,0,0,0,0,0.00013,0.00187,0,0,0.00122,0,0,0.00011,0.00025,3e-05,0,0.80153,0.19065,0.00012,0.00414,0,0.99644,0.0309995,0.025534,89.957901,79.1402359,0.0072805,0.0072805,9.6690359,7.9850264,0,0,0.3347272,0.0873338
222206,0,0.0001,0,0,0,0,0.02506,0.01132,0,0,0.00803,0,0.0019,0.00798,0.00301,9e-05,0,0.27192,0.56305,0.00188,0.10565,0,0.9425,0.8040917,0.7986709,65.3833694,63.6784325,0.037934,0.037934,33.6948357,31.9419708,0.079693,0.079693,0,0
222213,0,0,0,0,0,0,0.02296,0,0,0,0.00428,0.0018,0.00135,0.00915,0.00691,8e-05,0,0.07307,0.62282,0.00536,0.25213,0,0.95338,1.2792641,1.2792641,52.2613525,52.2993507,0.2781869,0.2781869,46.1811256,45.7046165,0,0,0,0.0380058
223202,0,0.001,0,0,0.0001,0,0.00968,0.11982,0,0,0.00742,0,0.00185,0.01301,0.0075,0.00018,0,0.08835,0.54893,0.00358,0.19859,0.0001,0.83945,0.3916156,0.3916156,61.9022675,56.8934135,0.8545049,0.8288072,36.8515205,20.4859104,0,0,0,7.4729466
224206,0,0,0,0,0,0,0.00318,0.0003,0,0,0.01699,0.0008,0.00096,0.01364,0.00588,0.0003,1e-05,0.18965,0.66775,0.00124,0.09918,0,0.95782,3.2408514,3.2408514,65.0009613,63.6925774,3.705303,3.705303,28.0530548,27.8505211,0,0,0,0
224213A,0,0.0003,0,0,0,0,0.01971,0.03678,0,0,0.02785,0.0069,0.00115,0.02189,0.00514,0.00022,1e-05,0.16365,0.61139,0.00188,0.10298,0.0001,0.8799,1.7673333,1.7443405,60.6901703,59.3785934,0.3942114,0.3919094,37.1482277,32.6659851,0,0,0,0
224214A,0,0,0,0,0,0,0.01069,0,0,0,0.01822,0,0.00063,0.00724,0.00082,0.00018,0,0.18552,0.66105,0.00088,0.11478,0,0.96223,0.0240281,0.0240281,92.1050339,92.0810699,0.14083,0.14083,7.7300625,7.7060328,0,0,0,0
225020A,0,0,0,0,0,0,0,0,0,0,0,0,0,0,0,0,0,0.98658,0.01342,0,0,0,1,8.5121393,8.5121393,67.2694702,67.2694702,0,0,24.2183914,24.2183914,0,0,0,0
225110A,0,0,0,0,0,0,9e-05,0,0,0,0.00992,0,0,0.00125,9e-05,0,0,0.49091,0.46928,6e-05,0.02842,0,0.98867,0,0,92.3259583,91.8504562,0,0,7.674037,7.674037,0,0,0,0
225219,0,0.0001,0,0,0,0,0.0039,0,0,0,0.01985,0.0136,0.00236,0.02089,0.01325,0.00049,3e-05,0.09074,0.68142,0.00303,0.15038,0,0.92557,9.1695232,8.8769503,51.6783104,51.2697754,6.1287999,6.1287999,33.023304,32.9937401,0,0,0,0
226220,0,0,0,0,0,0,0,0,0,0,0.0005,0,0,0,0,0,0,0.96298,0.03608,0,0.00044,0,0.9995,0,0,100,89.1096268,0,0,0,0,0,0,0,0
226222,0,0,0,0,0,0,0.00013,0,0,0,0.00095,0,0,0,0,0,0,0.96315,0.03522,0,0.00058,0,0.99895,0,0,99.9298325,99.9298325,0,0,0.0701665,0.0701665,0,0,0,0
226407,0,0,0,0,0,0,0,0.09527,0,0,0.00015,0,0,0,0,0,0,0.87708,0.02748,0,0,0,0.90456,0,0,100,32.8371887,0,0,0,0.0515178,0,0,0,18.8966351
227225A,0,0,0,0,0,0,0,0,0,0,0,0,0,0,0,0.00021,0,0.95569,0.0439,0,0.00021,0,0.9998,0,0,100,72.6777344,0,0,0,0,0,0,0,0
227226,0,0,0,0,0,0,0,0.65847,0,0,0,0,0,0,0,0,0,0.31976,0.02176,0,3e-05,0,0.34155,0,0,98.0644302,13.6869488,0.346817,0,1.5888506,0.0111872,0,0,0,73.1727142
227227,0,0,0,0,0,0,0,0.83019,0,0,0,0,0,0,0,0,0,0.15895,0.01085,0,0,0,0.1698,0,0,99.1325531,6.9316411,0,0,0.8674446,0,0,0,0,88.5351639
229650A,0,0,0,0,0,0,0,0,0,0,0.01586,0,0,0,0,0,0,0.77382,0.20169,0,0.00865,0,0.98416,0,0,100,100,0,0,0,0,0,0,0,0
229661A,0,0,0,0,0,0,0,0,0,0,0.01061,0,0,0,0.00015,0,0,0.6453,0.33645,0,0.00747,0,0.98922,0,0,100,100,0,0,0,0,0,0,0,0
230210,0,0,0,0,0,0,0,0.0042,0,0,0,0,0,0,0.00022,0,0,0.87375,0.12165,0,0.00022,0,0.99562,0,0,98.2127991,90.5683823,0,0,1.7871919,1.7474823,0,0,0,0
231213,0,0,0,0,0,0,0.00069,0.0159,0,0,0,0,0,0,3e-05,0,0,0.81058,0.16747,0,0.0004,0.0049,0.97845,0,0,98.0947037,93.2522736,0,0,1.9053185,1.9053185,0,0,0,2.7154469
235205,0,0,0,0,0,0,0,0,0,0,0,0,0,0,0,0,0,1,0,0,0,0,1,0,0,100,95.1699982,0,0,0,0,0,0,0,0
236213,0,0.00023,0,0,0,0,0.0166,0.6637,0,0.00972,0.00445,0,2e-05,0.00058,0.00035,0,0,0.06782,0.22799,0,0.0062,0.0023,0.30201,2.7054057,0.0199107,33.609684,14.5909576,0,0,61.1078453,1.7379405,0,0,0,81.4587555
238208,0,0,0,0,0,0,0.02439,0.0024,0,0,0.00075,0,0.00894,0.0013,0.00521,0,0,0.17713,0.64426,0.00783,0.12777,0,0.95699,0.0645167,0.0645167,41.4232788,41.3587761,6.7099862,6.7099862,51.8022614,51.5442429,0,0,0,0.2580152
A2390519,0,0.00088,0.0001,0.01483,0.00209,0,0.07674,0.69448,0,0.03768,0.02852,0,8e-05,0.00075,0.0005,6e-05,0,0.01855,0.08296,0.00042,0.04054,0.0008,0.14247,0.3517624,0.0399733,0,0,1.036284,0.1478294,96.9135132,9.6339397,0,0,0.9865615,89.8931122
A2390523,0.0026,0,0,0.02069,0.02612,0,0.0152,0.54729,0,0.01042,0.00112,0,3e-05,8e-05,9e-05,1e-05,0,0.30155,0.06455,0.00013,0.0095,0.0007,0.37573,0.8218203,0.8218203,0,0,1.1393359,1.1393359,97.5035477,4.2110658,0,0,0.535289,93.4684296
A2390531,0,4e-05,0,0.02568,0.00209,0,0.19075,0.63332,0,0.00753,0.0337,0,0,0.00078,0.0002,0,0,0.00018,0.03,5e-05,0.07541,0.0003,0.10564,24.4741955,0.1541431,0,0,0.5923868,0.5923868,74.3272705,16.7622852,0,0,0.6061987,81.9340134
604053,0,0.0035,0.0004,0.0002,0,0,0.06673,0.19418,0,5e-05,0.01862,0,0.0011,0.00145,0.00359,0.00044,2e-05,0.35288,0.28042,0.00651,0.06979,0,0.7096,5.3688126,4.9016337,73.7718506,45.463459,0,0,20.2243538,8.7223549,0.0614839,0.0614839,0,0
606001,0,2e-05,0,0,0,0,0.0003,0,0,0.00082,4e-05,0,0.00011,4e-05,0.00032,7e-05,0,0.86195,0.12293,0.00012,0.01325,0,0.99825,0,0,85.5540848,85.1214676,0.3657725,0.3657725,14.08008,14.0334845,0,0,0,0
606002,0,0,0,0,0,0,0.00085,0,0,0,0.00014,0,0.00035,7e-05,0,0,7e-05,0.96573,0.03136,0,0.00142,0,0.99851,0,0,95.7966614,93.6737671,0,0,4.2033205,4.2033205,0,0,0,0
606185,0,0.0001,0,0,0,0,0.00135,0,0,6e-05,0.00025,0,0.00094,3e-05,0.00045,0.00011,2e-05,0.90518,0.08276,0.00019,0.00838,0,0.99651,0,0,84.5695343,82.9845657,0,0,15.373127,15.3076487,0,0,0,0
607155,0,0,0,0,0,0,0.01111,0.05223,0,0.00078,0,0,0,0,0,0,0,0.83498,0.10002,0,0.00081,0,0.93581,0,0,65.8262863,57.6294174,0,0,34.1736984,20.9937019,0,0,0,0
608002,0,0,0,0,0,0,0,0,0,0,0,0,0,0,0,0,0,0.99815,0.00176,0,0.0001,0,1.00001,0,0,100,94.9000778,0,0,0,0,0,0,0,0
610008,0,0,0,0,0,0,0,0,0,0,0,0,0,0,0.00028,0,0,0.48644,0.49974,0,0.01356,0,0.99974,0,0,96.3410263,85.2715683,0,0,3.6589899,3.3775113,0,0,0,0
613002,0,0,0,0,0,0,0.00082,0,0,0,0.00018,0,0.0005,0.00018,0.00093,0.00034,0,0.67114,0.30822,0.00064,0.01712,0,0.99712,0,0,99.9134674,99.5351028,0,0,0.0865396,0.0865396,0,0,0,0
613146,0,0,0,0,0,0,0.00598,0.10255,0,0,0,0,0.00026,0,0.00026,0,0,0.76845,0.12147,0,0.00104,0,0.89096,0,0,73.7720337,71.6391068,0,0,26.2280045,11.2174368,0,0,0,0
614044,0,0,0,0,0,0,0,0,0,0,0,0,0,0,0.00012,0,0,0.41588,0.57689,0,0.00712,0,0.99989,0,0,100,99.8857269,0,0,0,0,0,0,0,0
616002,0,0,0,0,0,0,0.00885,0.01,0,0,0.00034,0,0.00079,8e-05,0.00065,6e-05,0.00011,0.00232,0.3857,0.02458,0.56651,0,0.97911,0.0968129,0.0917172,67.5385971,65.8781204,1.2590331,1.0908068,30.5066967,28.6974335,0.598996,0.598996,0,0
616013,0,0,0,0,0,0,0.02892,0.01028,0,0,0.00362,0,0.00015,0,0.00024,0.00018,0,0.0004,0.10086,0.05917,0.79615,0,0.95658,0,0,21.4961166,20.3751869,3.3806562,2.9849434,74.8765411,69.4522705,0.2467057,0.0051396,0,0
616065,0,0,0,0,0,0,0.00042,0,0,0,3e-05,0,0.00118,0.00017,0.00128,0.00015,5e-05,0.06125,0.83874,0.00338,0.09332,0,0.99669,0,0,97.6881332,96.9279861,0,0,0.0030295,0.0030295,2.3087504,2.3087504,0,0
803003,0,0,0,0,0,0,0,0,0,0,0.01754,0,0.01839,0.83089,0.11279,0.00238,0,0,0,0.01792,0,0,0.01792,100,100,0,0,0,0,0,0,0,0,0,0
804001,0,0,0,0,0,0,0,0,0,0,0.07011,0,0.01749,0.38176,0.08347,0.01442,0,0,0.00728,0.24196,0.18343,0,0.43267,17.7050724,17.7050724,0,0,0,0,82.2949142,82.2949142,0,0,0,0
809310,0,0,0,0,0,0,0,0,0,0,0.02104,0,0.17635,0.28142,0.15898,0.07242,0.00112,0,2e-05,0.22705,0.06162,0,0.28869,74.9089813,74.9089813,0,0,0,0,25.0910015,25.0910015,0,0,0,0
G8110004,0,0,0,0,0,0,0,0,0,0,0.02198,0,0.0177,0.25816,0.0334,0.00484,0,5e-05,0.00658,0.20642,0.45086,0,0.66391,0,0,0.1274136,0.1274136,0,0,99.8725891,99.8725891,0,0,0,0
G8110016,0,0,0,0,0,0,0,0,0,0,0.01259,0,0.25926,0.16765,0.34821,0.05612,0.00261,0,0.00011,0.13801,0.01543,0,0.15355,24.708374,24.708374,0,0,0,0,75.2913208,75.2913208,0,0,0,0
G8140001,0,0,0,0.00032,0,0,0.00025,0.00018,0,0.0002,0.11508,0,0.00069,0.05203,0.00862,0.00153,0,0.00277,0.27202,0.04906,0.49726,0,0.82111,0,0,1.7230805,1.5905476,0,0,98.276886,97.4476471,0,0,0,0
G8140040,0.0002,4e-05,0,0.00133,0,0,0.00165,0.00145,0,0.00158,0.13965,0,0.00022,0.04658,0.00436,0.00035,0,0.00581,0.27308,0.01654,0.50712,0.0001,0.80255,1.6687833,0,10.4704685,9.487709,0,0,87.8619537,83.3234329,0,0,0,0
G8140161,0,0,0,0,0,0,0.0282,0.0325,0,0.0082,0.12372,0,0,0.00103,0,0,0,0.03475,0.48436,0,0.28724,0,0.80635,0,0,3.8080254,3.4840417,0,0,96.1919861,48.4201012,0,0,0,0
G8150018,0.0055,0,0,0.00345,0,0,0.0007,0.00205,0,0,0.06939,0,0,0.00016,0.00081,0.00038,0,0.153,0.70799,0.00032,0.05627,0,0.91758,0,0,19.2929058,15.7637596,0,0,80.7070923,55.4732018,0,0,0,0
G8170002,0,0,0,0,0,0,0.001,0.004,0,0.0016,0.37669,0,0,0.00018,1e-05,0,0,0.00468,0.44623,2e-05,0.16557,0,0.6165,0.118852,0,36.7895203,32.3973465,0,0,63.0918159,62.6093674,0,0,0,0
G8190001,0,0,0,0,0,0,0,0,0,0,0.09823,0,0,0.00112,7e-05,0,0,0.00372,0.52102,2e-05,0.37582,0,0.90058,0,0,30.0803356,29.9232998,0,0,69.9196243,69.7840271,0,0,0,0
G8200045,0,0,0,0,0,0,0,0,0,0.0001,0.17095,0,5e-05,0.00975,0.00054,0.00018,1e-05,0.04118,0.38645,0.01797,0.37287,0,0.81847,0,0,12.611887,12.611887,0,0,87.3881073,87.3881073,0,0,0,0
G8210010,0,0,0,0,0,0,0,0,0,0,0.00038,0,0.00288,0.00444,0.00632,0.00692,1e-05,0.01114,0.32422,0.15524,0.48847,0,0.97907,0,0,4.2292824,4.2292824,0,0,95.7706451,95.7706451,0,0,0,0
302214,0,0,0,0,0,0,3e-05,0.02638,0,0,0.00031,0,0,3e-05,0.00025,0,0,0.75438,0.21569,0,0.00294,0,0.97301,2.4129121,1.8616732,84.4090195,74.6812439,10.6302643,10.6302643,2.5288188,0.6596742,0,0,0,0
304497,0,0.05972,0,0,0,0,0.0027,0,0,0.00642,0.00344,0,0.01099,0.00728,0.06999,0.00323,0.0003,0.00135,0.30698,0.04544,0.48222,0,0.83599,15.4477091,14.1073542,60.7110977,60.7030678,2.7542088,2.7542088,10.4552078,10.2144127,0,0,0,0
304499,0,0.00011,0,0,0,0,0.00079,0,0,0.00205,0.01622,0,0,0.00044,0.00125,5e-05,0,0.71264,0.25135,0.00031,0.01468,0,0.97898,2.3970037,2.0480626,92.385994,78.7526627,2.147599,2.147599,1.8831196,1.6986737,0.9951269,0.9951269,0,0
305202,0,0,0,0,0,0,0.00155,0,0,0,0.0055,0,0,0,0,0,0,0.94372,0.04879,0,0.00045,0,0.99296,4.8720436,4.6049976,90.6551361,84.5797043,0.5340229,0.5340229,3.9387896,1.2683156,0,0,0,0
307473,0,0.00732,0,0,0,0,0.02238,0,0,0.02517,0.04509,0,0.00709,0.00786,0.01085,0.00087,8e-05,0.22121,0.54835,0.0053,0.09847,0,0.87333,48.8411293,48.8411293,40.0110168,40.0110168,4.4128175,4.4128175,6.0654569,6.0654569,0.3678847,0.3678847,0,0
308145,0,0.0002,0,0,0,0,0.00152,0,0,0.00142,0.03029,0,9e-05,0.00322,0.00225,7e-05,0,0.42409,0.46095,0.00032,0.07558,0,0.96094,15.707056,15.7052088,75.5618134,75.5618134,5.1387982,5.1387982,2.8557334,2.8557334,0.1811566,0.1811566,0,0
308799,0,0,0,0,0,0,0.00123,0,0,0.00199,0.02486,0,2e-05,0.00202,0.00085,0,0,0.46995,0.43388,0.00023,0.06495,0,0.96901,11.5169325,11.5169325,77.0882187,77.0882187,4.0104804,4.0104804,6.9825583,6.9825583,0.2047718,0.2047718,0,0
312061,0,4e-05,0,0,0,0,0.00055,0,0,0.00092,0.00205,0,4e-05,0.00083,0.00078,0,0,0.67647,0.29885,8e-05,0.01933,0,0.99473,14.7018509,9.4407244,78.3218307,30.5465393,0.7016095,0.7016095,6.0621338,0.1133539,0.1700138,0.1700138,0,0
314207,0,0.0004,0,0.00039,0.00048,0,0.00087,0.05512,0,0.00017,0.00492,0,0.00017,0.00043,0.00026,9e-05,0,0.68016,0.24588,0.00024,0.0103,0,0.93658,6.7200103,4.1400986,80.2907028,55.0904274,4.6062598,4.6062598,7.8146825,4.1188512,0.2197993,0.2197993,0.1370121,0.0918614
314213,0,0,0,0.00015,0.00035,0,0.00011,0.0165,0,0,0.00083,0,0.00015,8e-05,0.00022,3e-05,0,0.88129,0.0973,8e-05,0.00294,0,0.98161,5.2201176,4.4657445,85.6869049,72.3675232,0.4498426,0.4498426,8.3246994,4.8153653,0.0045466,0.0045466,0,0
315450,0,0.00269,0,0,0,0,0.00718,0,0,0.00192,0.03135,0,0.00062,0.00645,0.00689,0.00013,0,0.34342,0.50605,0.00129,0.09202,0,0.94278,11.0314693,10.8399286,79.5673523,79.1047058,5.0042758,4.999608,3.0464921,2.9343677,0.2469792,0.2469792,0,0
318076,0,0.00051,0,0.00102,0.0032,0,0.00259,0.05411,0,0.00133,0.00968,0,0.00033,0.00122,0.00406,0.00011,0,0.559,0.31422,0.00587,0.04272,0,0.92181,1.0190027,0.6426404,72.0497284,61.2141838,5.2633853,5.2633853,20.5389557,4.3336959,1.1288017,1.1288017,0,0
